"","conjoint_left_a_b","F-1-1","F-1-2","F-1-3","F-1-4","F-1-5","F-1-1-1","F-1-1-2","F-1-1-3","F-1-1-4","F-1-1-5","F-1-2-1","F-1-2-2","F-1-2-3","F-1-2-4","F-1-2-5"
"1","A","Economía","Política climática","Fiscalidad","Sociedad","Política exterior","Jornada laboral de 34 horas semanales","-","Plan nacional de redistribución","Reformar la ley electoral para hacer el Senado más proporcional","Duplicar la ayuda exterior a los países de renta baja","Ingreso Básico Garantizado de 600€ al mes","Ban the sale of new combustion-engine cars by 2030","-","Abolición de la prostitución","Impuesto mundial a los millonarios"
"2","A","Foreign policy","Climate policy","Tax system","Economics issues","Societal issues","Global climate scheme","Ban of most polluting vehicles in city centers","-","£150 billion to upgrade schools, hospitals, care homes and council houses","Strict enforcement of immigration and border legislation","Global climate scheme","Ban of most polluting vehicles in city centers","National redistribution scheme","Re-establish neighbourhood policing and recruit 2,000 more frontline officers","Legalization of cannabis"
"3","A","Tax system","Foreign policy","Climate policy","Societal issues","Economics issues","National redistribution scheme","Global climate scheme","Ban of most polluting vehicles in city centers","Legalization of cannabis","-","Wealth tax","-","Insulation plan","-","Real Living Wage of £11 per hour for all workers aged 16 and over"
"4","B","Démocratie","Politique étrangère","Fiscalité","Économie","Climat","Élection des députés à la proportionnelle","Taxe mondiale sur les millionaires","-","Versement du RSA aux 18-25 ans sans emploi","-","Élection des députés à la proportionnelle","Plan mondial pour le climat","-","-","Plan pour l'isolation thermique"
"5","B","Economics issues","Climate policy","Foreign policy","Societal issues","Tax system","£150 billion to upgrade schools, hospitals, care homes and council houses","Ban of most polluting vehicles in city centers","Global climate scheme","-","Wealth tax","Reduce the average full-time weekly working hours to 32","Insulation plan","Global tax on millionaires","Legalization of cannabis","-"
"6","A","Tax system","Foreign policy","Economics issues","Societal issues","Climate policy","Wealth tax","Global climate scheme","£150 billion to upgrade schools, hospitals, care homes and council houses","Strict enforcement of immigration and border legislation","-","Wealth tax","-","Reduce the average full-time weekly working hours to 32","-","Ban of most polluting vehicles in city centers"
"7","A","Economics issues","Climate policy","Tax system","Foreign policy","Societal issues","-","Insulation plan","-","Global climate scheme","Strict enforcement of immigration and border legislation","-","Insulation plan","-","Global climate scheme","-"
"8","A","Fiscalité","Politique étrangère","Démocratie","Climat","Économie","Rétablissement de l'impôt sur la fortune (ISF)","Plan mondial pour le climat","Élection des députés à la proportionnelle","Interdiction des véhicules les plus polluants dans les centres-villes (ZFE)","Versement du RSA aux 18-25 ans sans emploi","Rétablissement de l'impôt sur la fortune (ISF)","Assemblée démocratique mondiale sur le changement climatique","Référendum d'Initiative Citoyenne (RIC)","Interdiction des véhicules les plus polluants dans les centres-villes (ZFE)","Recul de l'âge légal de départ à la retraite à 65 ans"
"9","A","Démocratie","Fiscalité","Climat","Économie","Politique étrangère","-","-","-","-","-","Référendum d'Initiative Citoyenne (RIC)","Rétablissement de l'impôt sur la fortune (ISF)","Interdiction de la vente de voitures thermiques neuves d'ici 2030","Recul de l'âge légal de départ à la retraite à 65 ans","Taxe mondiale sur les millionaires"
"10","B","Climat","Fiscalité","Démocratie","Politique étrangère","Économie","Interdiction de la vente de voitures thermiques neuves d'ici 2030","-","Élection des députés à la proportionnelle","Assemblée démocratique mondiale sur le changement climatique","Versement du RSA aux 18-25 ans sans emploi","Interdiction de la vente de voitures thermiques neuves d'ici 2030","Plan de redistribution nationale","Élection des députés à la proportionnelle","-","SMIC à 1600€ net par mois"
"11","A","Foreign policy","Societal issues","Tax system","Economics issues","Climate policy","Global climate scheme","Legalization of cannabis","Wealth tax","Re-establish neighbourhood policing and recruit 2,000 more frontline officers","Insulation plan","Global democratic assembly on climate change","-","National redistribution scheme","Re-establish neighbourhood policing and recruit 2,000 more frontline officers","Ban of most polluting vehicles in city centers"
"12","B","Climat","Fiscalité","Économie","Démocratie","Politique étrangère","Plan pour l'isolation thermique","-","-","-","Plan mondial pour le climat","-","-","Versement du RSA aux 18-25 ans sans emploi","Élection des députés à la proportionnelle","-"
"13","A","Politique étrangère","Économie","Climat","Fiscalité","Démocratie","Plan mondial pour le climat","-","Interdiction de la vente de voitures thermiques neuves d'ici 2030","Plan de redistribution nationale","Référendum d'Initiative Citoyenne (RIC)","Doubler l'aide au développement des pays à faibles revenus","SMIC à 1600€ net par mois","Interdiction des véhicules les plus polluants dans les centres-villes (ZFE)","Rétablissement de l'impôt sur la fortune (ISF)","Élection des députés à la proportionnelle"
"14","A","Économie","Démocratie","Climat","Fiscalité","Politique étrangère","Versement du RSA aux 18-25 ans sans emploi","Référendum d'Initiative Citoyenne (RIC)","Plan pour l'isolation thermique","Plan de redistribution nationale","Plan mondial pour le climat","-","Élection des députés à la proportionnelle","-","-","Taxe mondiale sur les millionaires"
"15","B","Économie","Climat","Démocratie","Fiscalité","Politique étrangère","Versement du RSA aux 18-25 ans sans emploi","-","Référendum d'Initiative Citoyenne (RIC)","Plan de redistribution nationale","Assemblée démocratique mondiale sur le changement climatique","Hausse de 20% du financement de l'hôpital public et de l'Éducation nationale","Plan pour l'isolation thermique","Référendum d'Initiative Citoyenne (RIC)","Plan de redistribution nationale","Plan mondial pour le climat"
"16","A","Économie","Démocratie","Fiscalité","Politique étrangère","Climat","Versement du RSA aux 18-25 ans sans emploi","-","Plan de redistribution nationale","Doubler l'aide au développement des pays à faibles revenus","-","Versement du RSA aux 18-25 ans sans emploi","Élection des députés à la proportionnelle","Plan de redistribution nationale","Plan mondial pour le climat","Interdiction des véhicules les plus polluants dans les centres-villes (ZFE)"
"17","A","Politique étrangère","Fiscalité","Économie","Démocratie","Climat","Assemblée démocratique mondiale sur le changement climatique","Rétablissement de l'impôt sur la fortune (ISF)","-","Élection des députés à la proportionnelle","Plan pour l'isolation thermique","-","Plan de redistribution nationale","Versement du RSA aux 18-25 ans sans emploi","Référendum d'Initiative Citoyenne (RIC)","Interdiction des véhicules les plus polluants dans les centres-villes (ZFE)"
"18","A","Fiscalité","Climat","Économie","Politique étrangère","Démocratie","Plan de redistribution nationale","-","Hausse de 20% du financement de l'hôpital public et de l'Éducation nationale","Plan mondial pour le climat","-","Rétablissement de l'impôt sur la fortune (ISF)","Interdiction des véhicules les plus polluants dans les centres-villes (ZFE)","Recul de l'âge légal de départ à la retraite à 65 ans","-","-"
"19","A","Societal issues","Tax system","Foreign policy","Climate policy","Economics issues","-","Wealth tax","Global climate scheme","Ban of most polluting vehicles in city centers","Real Living Wage of £11 per hour for all workers aged 16 and over","Legalization of cannabis","-","Global climate scheme","-","Real Living Wage of £11 per hour for all workers aged 16 and over"
"20","B","Climate policy","Foreign policy","Economics issues","Tax system","Societal issues","Insulation plan","Global climate scheme","-","National redistribution scheme","Legalization of cannabis","Ban of most polluting vehicles in city centers","Global climate scheme","£150 billion to upgrade schools, hospitals, care homes and council houses","National redistribution scheme","Legalization of cannabis"
"21","B","Climate policy","Foreign policy","Tax system","Economics issues","Societal issues","-","Doubling foreign aid","Wealth tax","Real Living Wage of £11 per hour for all workers aged 16 and over","-","Ban of most polluting vehicles in city centers","-","National redistribution scheme","-","-"
"22","A","Démocratie","Climat","Politique étrangère","Fiscalité","Économie","Élection des députés à la proportionnelle","Interdiction des véhicules les plus polluants dans les centres-villes (ZFE)","Doubler l'aide au développement des pays à faibles revenus","Plan de redistribution nationale","Hausse de 20% du financement de l'hôpital public et de l'Éducation nationale","-","Interdiction des véhicules les plus polluants dans les centres-villes (ZFE)","Plan mondial pour le climat","Rétablissement de l'impôt sur la fortune (ISF)","Recul de l'âge légal de départ à la retraite à 65 ans"
"23","B","Foreign policy","Tax system","Climate policy","Societal issues","Economics issues","Global tax on millionaires","National redistribution scheme","Ban the sale of new combustion-engine cars by 2030","Legalization of cannabis","Reduce the average full-time weekly working hours to 32","Global tax on millionaires","National redistribution scheme","Insulation plan","Legalization of cannabis","Real Living Wage of £11 per hour for all workers aged 16 and over"
"24","B","Démocratie","Politique étrangère","Économie","Climat","Fiscalité","Élection des députés à la proportionnelle","Assemblée démocratique mondiale sur le changement climatique","Versement du RSA aux 18-25 ans sans emploi","-","Plan de redistribution nationale","-","Plan mondial pour le climat","-","Interdiction de la vente de voitures thermiques neuves d'ici 2030","-"
"25","A","Societal issues","Economics issues","Tax system","Climate policy","Foreign policy","Legalization of cannabis","-","Wealth tax","Ban of most polluting vehicles in city centers","Global climate scheme","Legalization of cannabis","Reduce the average full-time weekly working hours to 32","National redistribution scheme","Insulation plan","Global climate scheme"
"26","A","Economics issues","Foreign policy","Tax system","Climate policy","Societal issues","Reduce the average full-time weekly working hours to 32","-","Wealth tax","-","-","Re-establish neighbourhood policing and recruit 2,000 more frontline officers","Global climate scheme","National redistribution scheme","Ban the sale of new combustion-engine cars by 2030","Strict enforcement of immigration and border legislation"
"27","B","Foreign policy","Economics issues","Climate policy","Tax system","Societal issues","Global climate scheme","Real Living Wage of £11 per hour for all workers aged 16 and over","-","Wealth tax","Strict enforcement of immigration and border legislation","Global tax on millionaires","Reduce the average full-time weekly working hours to 32","Ban of most polluting vehicles in city centers","Wealth tax","-"
"28","A","Foreign policy","Economics issues","Tax system","Societal issues","Climate policy","Doubling foreign aid","£150 billion to upgrade schools, hospitals, care homes and council houses","-","Legalization of cannabis","Ban of most polluting vehicles in city centers","Global climate scheme","Re-establish neighbourhood policing and recruit 2,000 more frontline officers","-","Strict enforcement of immigration and border legislation","Ban of most polluting vehicles in city centers"
"29","A","Societal issues","Tax system","Economics issues","Foreign policy","Climate policy","Legalization of cannabis","National redistribution scheme","Re-establish neighbourhood policing and recruit 2,000 more frontline officers","Global democratic assembly on climate change","Ban the sale of new combustion-engine cars by 2030","-","Wealth tax","-","Global climate scheme","Ban the sale of new combustion-engine cars by 2030"
"30","A","Climate policy","Foreign policy","Tax system","Societal issues","Economics issues","Ban the sale of new combustion-engine cars by 2030","Global democratic assembly on climate change","Wealth tax","Strict enforcement of immigration and border legislation","-","Ban of most polluting vehicles in city centers","Global democratic assembly on climate change","-","Strict enforcement of immigration and border legislation","Real Living Wage of £11 per hour for all workers aged 16 and over"
"31","A","Foreign policy","Societal issues","Economics issues","Climate policy","Tax system","-","-","£150 billion to upgrade schools, hospitals, care homes and council houses","Insulation plan","Wealth tax","Global climate scheme","Legalization of cannabis","Reduce the average full-time weekly working hours to 32","-","National redistribution scheme"
"32","B","Foreign policy","Tax system","Economics issues","Climate policy","Societal issues","Global democratic assembly on climate change","-","-","Ban of most polluting vehicles in city centers","Legalization of cannabis","Global climate scheme","National redistribution scheme","£150 billion to upgrade schools, hospitals, care homes and council houses","Ban of most polluting vehicles in city centers","Legalization of cannabis"
"33","B","Fiscalité","Politique étrangère","Démocratie","Économie","Climat","Plan de redistribution nationale","Plan mondial pour le climat","-","-","-","Plan de redistribution nationale","Doubler l'aide au développement des pays à faibles revenus","Élection des députés à la proportionnelle","-","Interdiction de la vente de voitures thermiques neuves d'ici 2030"
"34","B","Climat","Démocratie","Politique étrangère","Économie","Fiscalité","Interdiction des véhicules les plus polluants dans les centres-villes (ZFE)","-","-","Versement du RSA aux 18-25 ans sans emploi","-","-","Élection des députés à la proportionnelle","-","-","-"
"35","A","Fiscalité","Économie","Politique étrangère","Démocratie","Climat","-","Hausse de 20% du financement de l'hôpital public et de l'Éducation nationale","Plan mondial pour le climat","Référendum d'Initiative Citoyenne (RIC)","Interdiction des véhicules les plus polluants dans les centres-villes (ZFE)","Rétablissement de l'impôt sur la fortune (ISF)","Hausse de 20% du financement de l'hôpital public et de l'Éducation nationale","-","Référendum d'Initiative Citoyenne (RIC)","Interdiction des véhicules les plus polluants dans les centres-villes (ZFE)"
"36","B","Démocratie","Climat","Économie","Politique étrangère","Fiscalité","-","-","-","Doubler l'aide au développement des pays à faibles revenus","-","Référendum d'Initiative Citoyenne (RIC)","Plan pour l'isolation thermique","Hausse de 20% du financement de l'hôpital public et de l'Éducation nationale","Plan mondial pour le climat","Plan de redistribution nationale"
"37","B","Climat","Économie","Démocratie","Fiscalité","Politique étrangère","Interdiction des véhicules les plus polluants dans les centres-villes (ZFE)","Recul de l'âge légal de départ à la retraite à 65 ans","Élection des députés à la proportionnelle","Plan de redistribution nationale","Plan mondial pour le climat","Interdiction de la vente de voitures thermiques neuves d'ici 2030","Hausse de 20% du financement de l'hôpital public et de l'Éducation nationale","-","-","Doubler l'aide au développement des pays à faibles revenus"
"38","A","Foreign policy","Societal issues","Economics issues","Climate policy","Tax system","Global climate scheme","Legalization of cannabis","£150 billion to upgrade schools, hospitals, care homes and council houses","Insulation plan","National redistribution scheme","Global climate scheme","-","Real Living Wage of £11 per hour for all workers aged 16 and over","Ban the sale of new combustion-engine cars by 2030","National redistribution scheme"
"39","A","Démocratie","Économie","Climat","Politique étrangère","Fiscalité","-","-","Plan pour l'isolation thermique","Taxe mondiale sur les millionaires","Plan de redistribution nationale","-","Recul de l'âge légal de départ à la retraite à 65 ans","Interdiction des véhicules les plus polluants dans les centres-villes (ZFE)","Plan mondial pour le climat","Plan de redistribution nationale"
"40","B","Tax system","Economics issues","Climate policy","Societal issues","Foreign policy","-","Reduce the average full-time weekly working hours to 32","Ban the sale of new combustion-engine cars by 2030","Legalization of cannabis","Global climate scheme","National redistribution scheme","Re-establish neighbourhood policing and recruit 2,000 more frontline officers","Insulation plan","Strict enforcement of immigration and border legislation","Global tax on millionaires"
"41","B","Tax system","Economics issues","Foreign policy","Climate policy","Societal issues","-","Real Living Wage of £11 per hour for all workers aged 16 and over","Doubling foreign aid","-","Strict enforcement of immigration and border legislation","Wealth tax","Re-establish neighbourhood policing and recruit 2,000 more frontline officers","Global democratic assembly on climate change","Ban of most polluting vehicles in city centers","Legalization of cannabis"
"42","B","Foreign policy","Tax system","Climate policy","Societal issues","Economics issues","Global tax on millionaires","-","Insulation plan","-","Reduce the average full-time weekly working hours to 32","Global tax on millionaires","National redistribution scheme","Ban the sale of new combustion-engine cars by 2030","Strict enforcement of immigration and border legislation","Re-establish neighbourhood policing and recruit 2,000 more frontline officers"
"43","A","Démocratie","Climat","Fiscalité","Politique étrangère","Économie","Référendum d'Initiative Citoyenne (RIC)","Plan pour l'isolation thermique","Plan de redistribution nationale","Assemblée démocratique mondiale sur le changement climatique","Recul de l'âge légal de départ à la retraite à 65 ans","Référendum d'Initiative Citoyenne (RIC)","Interdiction de la vente de voitures thermiques neuves d'ici 2030","Plan de redistribution nationale","Doubler l'aide au développement des pays à faibles revenus","SMIC à 1600€ net par mois"
"44","A","Economics issues","Foreign policy","Climate policy","Societal issues","Tax system","£150 billion to upgrade schools, hospitals, care homes and council houses","Global climate scheme","Ban of most polluting vehicles in city centers","Legalization of cannabis","Wealth tax","Reduce the average full-time weekly working hours to 32","Global climate scheme","-","Strict enforcement of immigration and border legislation","Wealth tax"
"45","A","Économie","Climat","Démocratie","Fiscalité","Politique étrangère","-","Interdiction des véhicules les plus polluants dans les centres-villes (ZFE)","-","-","Plan mondial pour le climat","Recul de l'âge légal de départ à la retraite à 65 ans","Plan pour l'isolation thermique","Référendum d'Initiative Citoyenne (RIC)","Rétablissement de l'impôt sur la fortune (ISF)","Doubler l'aide au développement des pays à faibles revenus"
"46","A","Foreign policy","Societal issues","Climate policy","Economics issues","Tax system","Global climate scheme","-","Ban the sale of new combustion-engine cars by 2030","£150 billion to upgrade schools, hospitals, care homes and council houses","National redistribution scheme","Doubling foreign aid","Legalization of cannabis","Ban the sale of new combustion-engine cars by 2030","Reduce the average full-time weekly working hours to 32","National redistribution scheme"
"47","A","Economics issues","Climate policy","Tax system","Societal issues","Foreign policy","Reduce the average full-time weekly working hours to 32","Ban of most polluting vehicles in city centers","-","Strict enforcement of immigration and border legislation","Global climate scheme","£150 billion to upgrade schools, hospitals, care homes and council houses","Insulation plan","Wealth tax","Legalization of cannabis","Global climate scheme"
"48","A","Foreign policy","Societal issues","Climate policy","Tax system","Economics issues","Global climate scheme","Strict enforcement of immigration and border legislation","-","National redistribution scheme","Reduce the average full-time weekly working hours to 32","Global tax on millionaires","Legalization of cannabis","-","-","Re-establish neighbourhood policing and recruit 2,000 more frontline officers"
"49","A","Tax system","Climate policy","Foreign policy","Societal issues","Economics issues","National redistribution scheme","Ban of most polluting vehicles in city centers","Doubling foreign aid","Strict enforcement of immigration and border legislation","Real Living Wage of £11 per hour for all workers aged 16 and over","-","Ban the sale of new combustion-engine cars by 2030","Global tax on millionaires","Legalization of cannabis","Real Living Wage of £11 per hour for all workers aged 16 and over"
"50","B","Économie","Fiscalité","Démocratie","Politique étrangère","Climat","-","-","Référendum d'Initiative Citoyenne (RIC)","Taxe mondiale sur les millionaires","Interdiction des véhicules les plus polluants dans les centres-villes (ZFE)","Hausse de 20% du financement de l'hôpital public et de l'Éducation nationale","Plan de redistribution nationale","Élection des députés à la proportionnelle","Plan mondial pour le climat","-"
"51","B","Démocratie","Économie","Politique étrangère","Fiscalité","Climat","Référendum d'Initiative Citoyenne (RIC)","-","Doubler l'aide au développement des pays à faibles revenus","Rétablissement de l'impôt sur la fortune (ISF)","-","-","SMIC à 1600€ net par mois","Assemblée démocratique mondiale sur le changement climatique","Rétablissement de l'impôt sur la fortune (ISF)","Interdiction de la vente de voitures thermiques neuves d'ici 2030"
"52","A","Économie","Démocratie","Climat","Politique étrangère","Fiscalité","Hausse de 20% du financement de l'hôpital public et de l'Éducation nationale","Référendum d'Initiative Citoyenne (RIC)","-","Plan mondial pour le climat","-","-","Élection des députés à la proportionnelle","Interdiction des véhicules les plus polluants dans les centres-villes (ZFE)","Taxe mondiale sur les millionaires","-"
"53","A","Tax system","Foreign policy","Climate policy","Societal issues","Economics issues","National redistribution scheme","Global democratic assembly on climate change","Ban of most polluting vehicles in city centers","Legalization of cannabis","Re-establish neighbourhood policing and recruit 2,000 more frontline officers","National redistribution scheme","-","Ban of most polluting vehicles in city centers","-","Reduce the average full-time weekly working hours to 32"
"54","A","Démocratie","Climat","Fiscalité","Économie","Politique étrangère","Référendum d'Initiative Citoyenne (RIC)","-","-","SMIC à 1600€ net par mois","Plan mondial pour le climat","Référendum d'Initiative Citoyenne (RIC)","-","Plan de redistribution nationale","-","Plan mondial pour le climat"
"55","A","Climat","Fiscalité","Démocratie","Économie","Politique étrangère","-","Rétablissement de l'impôt sur la fortune (ISF)","Référendum d'Initiative Citoyenne (RIC)","SMIC à 1600€ net par mois","Plan mondial pour le climat","Interdiction de la vente de voitures thermiques neuves d'ici 2030","Rétablissement de l'impôt sur la fortune (ISF)","-","-","Doubler l'aide au développement des pays à faibles revenus"
"56","B","Tax system","Foreign policy","Climate policy","Societal issues","Economics issues","Wealth tax","Global tax on millionaires","Ban of most polluting vehicles in city centers","-","Real Living Wage of £11 per hour for all workers aged 16 and over","-","Global climate scheme","-","Strict enforcement of immigration and border legislation","Reduce the average full-time weekly working hours to 32"
"57","A","Climat","Politique étrangère","Démocratie","Fiscalité","Économie","-","Doubler l'aide au développement des pays à faibles revenus","Référendum d'Initiative Citoyenne (RIC)","Plan de redistribution nationale","-","Interdiction des véhicules les plus polluants dans les centres-villes (ZFE)","Taxe mondiale sur les millionaires","-","-","Hausse de 20% du financement de l'hôpital public et de l'Éducation nationale"
"58","A","Politique étrangère","Démocratie","Économie","Fiscalité","Climat","Taxe mondiale sur les millionaires","-","-","-","-","Taxe mondiale sur les millionaires","Référendum d'Initiative Citoyenne (RIC)","Versement du RSA aux 18-25 ans sans emploi","Plan de redistribution nationale","Interdiction de la vente de voitures thermiques neuves d'ici 2030"
"59","A","Démocratie","Fiscalité","Politique étrangère","Économie","Climat","-","Rétablissement de l'impôt sur la fortune (ISF)","Doubler l'aide au développement des pays à faibles revenus","SMIC à 1600€ net par mois","Plan pour l'isolation thermique","Référendum d'Initiative Citoyenne (RIC)","Plan de redistribution nationale","Taxe mondiale sur les millionaires","Recul de l'âge légal de départ à la retraite à 65 ans","Interdiction des véhicules les plus polluants dans les centres-villes (ZFE)"
"60","B","Démocratie","Climat","Fiscalité","Politique étrangère","Économie","Élection des députés à la proportionnelle","Plan pour l'isolation thermique","Rétablissement de l'impôt sur la fortune (ISF)","Assemblée démocratique mondiale sur le changement climatique","Versement du RSA aux 18-25 ans sans emploi","-","-","Plan de redistribution nationale","Assemblée démocratique mondiale sur le changement climatique","Recul de l'âge légal de départ à la retraite à 65 ans"
"61","B","Climate policy","Societal issues","Foreign policy","Tax system","Economics issues","Ban the sale of new combustion-engine cars by 2030","Legalization of cannabis","Global climate scheme","-","Reduce the average full-time weekly working hours to 32","Ban of most polluting vehicles in city centers","-","Global climate scheme","-","£150 billion to upgrade schools, hospitals, care homes and council houses"
"62","B","Fiscalité","Démocratie","Économie","Climat","Politique étrangère","Plan de redistribution nationale","Élection des députés à la proportionnelle","Recul de l'âge légal de départ à la retraite à 65 ans","Interdiction des véhicules les plus polluants dans les centres-villes (ZFE)","Plan mondial pour le climat","Plan de redistribution nationale","Élection des députés à la proportionnelle","Versement du RSA aux 18-25 ans sans emploi","Interdiction des véhicules les plus polluants dans les centres-villes (ZFE)","Assemblée démocratique mondiale sur le changement climatique"
"63","A","Fiscalité","Climat","Politique étrangère","Démocratie","Économie","Plan de redistribution nationale","Interdiction de la vente de voitures thermiques neuves d'ici 2030","-","-","Hausse de 20% du financement de l'hôpital public et de l'Éducation nationale","Rétablissement de l'impôt sur la fortune (ISF)","Interdiction des véhicules les plus polluants dans les centres-villes (ZFE)","Doubler l'aide au développement des pays à faibles revenus","-","Recul de l'âge légal de départ à la retraite à 65 ans"
"64","B","Économie","Démocratie","Climat","Politique étrangère","Fiscalité","Recul de l'âge légal de départ à la retraite à 65 ans","Référendum d'Initiative Citoyenne (RIC)","Interdiction de la vente de voitures thermiques neuves d'ici 2030","Assemblée démocratique mondiale sur le changement climatique","Plan de redistribution nationale","SMIC à 1600€ net par mois","Référendum d'Initiative Citoyenne (RIC)","Interdiction de la vente de voitures thermiques neuves d'ici 2030","Assemblée démocratique mondiale sur le changement climatique","-"
"65","B","Politique étrangère","Économie","Climat","Démocratie","Fiscalité","Plan mondial pour le climat","-","Interdiction de la vente de voitures thermiques neuves d'ici 2030","-","Rétablissement de l'impôt sur la fortune (ISF)","Plan mondial pour le climat","SMIC à 1600€ net par mois","Interdiction de la vente de voitures thermiques neuves d'ici 2030","-","Rétablissement de l'impôt sur la fortune (ISF)"
"66","B","Foreign policy","Societal issues","Tax system","Economics issues","Climate policy","-","Legalization of cannabis","Wealth tax","-","Ban the sale of new combustion-engine cars by 2030","Global democratic assembly on climate change","-","-","Re-establish neighbourhood policing and recruit 2,000 more frontline officers","Ban the sale of new combustion-engine cars by 2030"
"67","A","Climate policy","Societal issues","Foreign policy","Economics issues","Tax system","Ban the sale of new combustion-engine cars by 2030","-","-","Reduce the average full-time weekly working hours to 32","National redistribution scheme","-","Legalization of cannabis","Global climate scheme","-","-"
"68","B","Climat","Politique étrangère","Économie","Démocratie","Fiscalité","Interdiction des véhicules les plus polluants dans les centres-villes (ZFE)","Assemblée démocratique mondiale sur le changement climatique","Versement du RSA aux 18-25 ans sans emploi","Référendum d'Initiative Citoyenne (RIC)","Rétablissement de l'impôt sur la fortune (ISF)","Interdiction des véhicules les plus polluants dans les centres-villes (ZFE)","-","Hausse de 20% du financement de l'hôpital public et de l'Éducation nationale","Référendum d'Initiative Citoyenne (RIC)","-"
"69","B","Societal issues","Foreign policy","Economics issues","Climate policy","Tax system","Legalization of cannabis","-","Reduce the average full-time weekly working hours to 32","Insulation plan","Wealth tax","Legalization of cannabis","Global tax on millionaires","Real Living Wage of £11 per hour for all workers aged 16 and over","Insulation plan","-"
"70","B","Societal issues","Climate policy","Foreign policy","Tax system","Economics issues","Strict enforcement of immigration and border legislation","Insulation plan","Global tax on millionaires","-","£150 billion to upgrade schools, hospitals, care homes and council houses","Strict enforcement of immigration and border legislation","-","Doubling foreign aid","National redistribution scheme","-"
"71","B","Economics issues","Climate policy","Foreign policy","Tax system","Societal issues","-","-","Global climate scheme","Wealth tax","-","Re-establish neighbourhood policing and recruit 2,000 more frontline officers","-","Global climate scheme","Wealth tax","-"
"72","B","Fiscalité","Économie","Démocratie","Politique étrangère","Climat","Rétablissement de l'impôt sur la fortune (ISF)","Versement du RSA aux 18-25 ans sans emploi","Référendum d'Initiative Citoyenne (RIC)","Doubler l'aide au développement des pays à faibles revenus","Interdiction des véhicules les plus polluants dans les centres-villes (ZFE)","Rétablissement de l'impôt sur la fortune (ISF)","Recul de l'âge légal de départ à la retraite à 65 ans","Référendum d'Initiative Citoyenne (RIC)","Taxe mondiale sur les millionaires","-"
"73","A","Societal issues","Economics issues","Climate policy","Tax system","Foreign policy","-","Re-establish neighbourhood policing and recruit 2,000 more frontline officers","Insulation plan","Wealth tax","Global democratic assembly on climate change","Legalization of cannabis","Reduce the average full-time weekly working hours to 32","Ban of most polluting vehicles in city centers","National redistribution scheme","Doubling foreign aid"
"74","B","Démocratie","Politique étrangère","Climat","Économie","Fiscalité","Référendum d'Initiative Citoyenne (RIC)","Assemblée démocratique mondiale sur le changement climatique","-","Hausse de 20% du financement de l'hôpital public et de l'Éducation nationale","Plan de redistribution nationale","Référendum d'Initiative Citoyenne (RIC)","-","Interdiction de la vente de voitures thermiques neuves d'ici 2030","SMIC à 1600€ net par mois","Rétablissement de l'impôt sur la fortune (ISF)"
"75","B","Tax system","Societal issues","Foreign policy","Climate policy","Economics issues","Wealth tax","-","Doubling foreign aid","Insulation plan","Real Living Wage of £11 per hour for all workers aged 16 and over","National redistribution scheme","-","Global climate scheme","Ban of most polluting vehicles in city centers","Re-establish neighbourhood policing and recruit 2,000 more frontline officers"
"76","A","Societal issues","Foreign policy","Climate policy","Tax system","Economics issues","-","-","-","National redistribution scheme","Real Living Wage of £11 per hour for all workers aged 16 and over","Strict enforcement of immigration and border legislation","Global climate scheme","Ban of most polluting vehicles in city centers","-","Re-establish neighbourhood policing and recruit 2,000 more frontline officers"
"77","B","Économie","Politique étrangère","Climat","Démocratie","Fiscalité","Recul de l'âge légal de départ à la retraite à 65 ans","-","Interdiction des véhicules les plus polluants dans les centres-villes (ZFE)","Élection des députés à la proportionnelle","Plan de redistribution nationale","-","Plan mondial pour le climat","Interdiction de la vente de voitures thermiques neuves d'ici 2030","-","-"
"78","B","Démocratie","Politique étrangère","Climat","Fiscalité","Économie","Référendum d'Initiative Citoyenne (RIC)","Assemblée démocratique mondiale sur le changement climatique","Plan pour l'isolation thermique","-","Versement du RSA aux 18-25 ans sans emploi","Référendum d'Initiative Citoyenne (RIC)","Plan mondial pour le climat","Interdiction de la vente de voitures thermiques neuves d'ici 2030","Plan de redistribution nationale","-"
"79","B","Climat","Économie","Politique étrangère","Fiscalité","Démocratie","Interdiction des véhicules les plus polluants dans les centres-villes (ZFE)","Versement du RSA aux 18-25 ans sans emploi","Plan mondial pour le climat","Rétablissement de l'impôt sur la fortune (ISF)","Référendum d'Initiative Citoyenne (RIC)","Plan pour l'isolation thermique","-","Taxe mondiale sur les millionaires","Rétablissement de l'impôt sur la fortune (ISF)","-"
"80","B","Climate policy","Foreign policy","Societal issues","Tax system","Economics issues","Ban of most polluting vehicles in city centers","Global climate scheme","Strict enforcement of immigration and border legislation","Wealth tax","-","Ban of most polluting vehicles in city centers","Global climate scheme","Strict enforcement of immigration and border legislation","Wealth tax","£150 billion to upgrade schools, hospitals, care homes and council houses"
"81","B","Climat","Démocratie","Politique étrangère","Économie","Fiscalité","Plan pour l'isolation thermique","Élection des députés à la proportionnelle","Plan mondial pour le climat","Versement du RSA aux 18-25 ans sans emploi","-","Plan pour l'isolation thermique","Élection des députés à la proportionnelle","Plan mondial pour le climat","Versement du RSA aux 18-25 ans sans emploi","Rétablissement de l'impôt sur la fortune (ISF)"
"82","B","Démocratie","Économie","Politique étrangère","Fiscalité","Climat","Élection des députés à la proportionnelle","-","Plan mondial pour le climat","-","Interdiction des véhicules les plus polluants dans les centres-villes (ZFE)","Élection des députés à la proportionnelle","SMIC à 1600€ net par mois","Plan mondial pour le climat","Rétablissement de l'impôt sur la fortune (ISF)","-"
"83","B","Foreign policy","Economics issues","Tax system","Societal issues","Climate policy","Global climate scheme","-","National redistribution scheme","Legalization of cannabis","-","Global climate scheme","Re-establish neighbourhood policing and recruit 2,000 more frontline officers","Wealth tax","-","Insulation plan"
"84","B","Economics issues","Tax system","Societal issues","Foreign policy","Climate policy","-","National redistribution scheme","Legalization of cannabis","Global tax on millionaires","-","£150 billion to upgrade schools, hospitals, care homes and council houses","National redistribution scheme","Legalization of cannabis","-","Insulation plan"
"85","B","Tax system","Foreign policy","Economics issues","Climate policy","Societal issues","-","Global climate scheme","£150 billion to upgrade schools, hospitals, care homes and council houses","Insulation plan","-","-","Doubling foreign aid","Reduce the average full-time weekly working hours to 32","-","Legalization of cannabis"
"86","A","Fiscalité","Économie","Démocratie","Politique étrangère","Climat","Rétablissement de l'impôt sur la fortune (ISF)","Hausse de 20% du financement de l'hôpital public et de l'Éducation nationale","Élection des députés à la proportionnelle","Doubler l'aide au développement des pays à faibles revenus","Interdiction des véhicules les plus polluants dans les centres-villes (ZFE)","Rétablissement de l'impôt sur la fortune (ISF)","Versement du RSA aux 18-25 ans sans emploi","Élection des députés à la proportionnelle","Plan mondial pour le climat","Interdiction des véhicules les plus polluants dans les centres-villes (ZFE)"
"87","A","Tax system","Economics issues","Societal issues","Climate policy","Foreign policy","Wealth tax","Reduce the average full-time weekly working hours to 32","-","Insulation plan","Global climate scheme","-","Re-establish neighbourhood policing and recruit 2,000 more frontline officers","Legalization of cannabis","-","-"
"88","A","Climate policy","Economics issues","Tax system","Foreign policy","Societal issues","Insulation plan","-","Wealth tax","-","Strict enforcement of immigration and border legislation","Ban the sale of new combustion-engine cars by 2030","Real Living Wage of £11 per hour for all workers aged 16 and over","National redistribution scheme","Global climate scheme","Legalization of cannabis"
"89","A","Foreign policy","Economics issues","Societal issues","Climate policy","Tax system","Global democratic assembly on climate change","Re-establish neighbourhood policing and recruit 2,000 more frontline officers","Strict enforcement of immigration and border legislation","Insulation plan","Wealth tax","Global democratic assembly on climate change","£150 billion to upgrade schools, hospitals, care homes and council houses","Strict enforcement of immigration and border legislation","-","National redistribution scheme"
"90","A","Foreign policy","Tax system","Climate policy","Societal issues","Economics issues","Global climate scheme","Wealth tax","-","-","-","Doubling foreign aid","Wealth tax","Insulation plan","-","£150 billion to upgrade schools, hospitals, care homes and council houses"
"91","B","Economics issues","Tax system","Climate policy","Foreign policy","Societal issues","Re-establish neighbourhood policing and recruit 2,000 more frontline officers","National redistribution scheme","Ban the sale of new combustion-engine cars by 2030","Doubling foreign aid","-","£150 billion to upgrade schools, hospitals, care homes and council houses","Wealth tax","Ban of most polluting vehicles in city centers","Doubling foreign aid","Strict enforcement of immigration and border legislation"
"92","A","Politique étrangère","Économie","Démocratie","Climat","Fiscalité","Plan mondial pour le climat","-","-","Plan pour l'isolation thermique","Plan de redistribution nationale","Doubler l'aide au développement des pays à faibles revenus","Recul de l'âge légal de départ à la retraite à 65 ans","Référendum d'Initiative Citoyenne (RIC)","Interdiction de la vente de voitures thermiques neuves d'ici 2030","Rétablissement de l'impôt sur la fortune (ISF)"
"93","A","Foreign policy","Tax system","Societal issues","Climate policy","Economics issues","Global tax on millionaires","National redistribution scheme","Legalization of cannabis","Insulation plan","Reduce the average full-time weekly working hours to 32","Global climate scheme","-","Strict enforcement of immigration and border legislation","Ban the sale of new combustion-engine cars by 2030","Real Living Wage of £11 per hour for all workers aged 16 and over"
"94","B","Démocratie","Politique étrangère","Climat","Fiscalité","Économie","Référendum d'Initiative Citoyenne (RIC)","Taxe mondiale sur les millionaires","Interdiction des véhicules les plus polluants dans les centres-villes (ZFE)","Rétablissement de l'impôt sur la fortune (ISF)","Recul de l'âge légal de départ à la retraite à 65 ans","-","Plan mondial pour le climat","Plan pour l'isolation thermique","Rétablissement de l'impôt sur la fortune (ISF)","Recul de l'âge légal de départ à la retraite à 65 ans"
"95","A","Démocratie","Économie","Fiscalité","Climat","Politique étrangère","Référendum d'Initiative Citoyenne (RIC)","Hausse de 20% du financement de l'hôpital public et de l'Éducation nationale","Plan de redistribution nationale","-","-","Référendum d'Initiative Citoyenne (RIC)","Recul de l'âge légal de départ à la retraite à 65 ans","Rétablissement de l'impôt sur la fortune (ISF)","Plan pour l'isolation thermique","Plan mondial pour le climat"
"96","B","Foreign policy","Economics issues","Tax system","Societal issues","Climate policy","-","Reduce the average full-time weekly working hours to 32","-","-","Ban of most polluting vehicles in city centers","Global climate scheme","Real Living Wage of £11 per hour for all workers aged 16 and over","National redistribution scheme","Legalization of cannabis","Insulation plan"
"97","B","Foreign policy","Climate policy","Societal issues","Tax system","Economics issues","Doubling foreign aid","Ban of most polluting vehicles in city centers","Strict enforcement of immigration and border legislation","Wealth tax","Real Living Wage of £11 per hour for all workers aged 16 and over","Global climate scheme","Ban the sale of new combustion-engine cars by 2030","Strict enforcement of immigration and border legislation","Wealth tax","-"
"98","B","Climate policy","Tax system","Foreign policy","Economics issues","Societal issues","Ban of most polluting vehicles in city centers","-","Global climate scheme","Real Living Wage of £11 per hour for all workers aged 16 and over","-","-","-","Doubling foreign aid","-","-"
"99","B","Climat","Fiscalité","Économie","Démocratie","Politique étrangère","Interdiction de la vente de voitures thermiques neuves d'ici 2030","Plan de redistribution nationale","Versement du RSA aux 18-25 ans sans emploi","Référendum d'Initiative Citoyenne (RIC)","Doubler l'aide au développement des pays à faibles revenus","Interdiction des véhicules les plus polluants dans les centres-villes (ZFE)","Rétablissement de l'impôt sur la fortune (ISF)","-","-","Assemblée démocratique mondiale sur le changement climatique"
"100","B","Foreign policy","Economics issues","Tax system","Societal issues","Climate policy","Global tax on millionaires","Reduce the average full-time weekly working hours to 32","Wealth tax","Strict enforcement of immigration and border legislation","Ban of most polluting vehicles in city centers","Global tax on millionaires","£150 billion to upgrade schools, hospitals, care homes and council houses","Wealth tax","Strict enforcement of immigration and border legislation","Insulation plan"
"101","A","Démocratie","Climat","Fiscalité","Économie","Politique étrangère","-","Interdiction de la vente de voitures thermiques neuves d'ici 2030","Rétablissement de l'impôt sur la fortune (ISF)","SMIC à 1600€ net par mois","Plan mondial pour le climat","Référendum d'Initiative Citoyenne (RIC)","Plan pour l'isolation thermique","Rétablissement de l'impôt sur la fortune (ISF)","Recul de l'âge légal de départ à la retraite à 65 ans","Assemblée démocratique mondiale sur le changement climatique"
"102","A","Économie","Fiscalité","Politique étrangère","Démocratie","Climat","Versement du RSA aux 18-25 ans sans emploi","Plan de redistribution nationale","Plan mondial pour le climat","Référendum d'Initiative Citoyenne (RIC)","Plan pour l'isolation thermique","Hausse de 20% du financement de l'hôpital public et de l'Éducation nationale","Plan de redistribution nationale","Plan mondial pour le climat","Référendum d'Initiative Citoyenne (RIC)","-"
"103","B","Fiscalité","Économie","Politique étrangère","Démocratie","Climat","-","Hausse de 20% du financement de l'hôpital public et de l'Éducation nationale","Taxe mondiale sur les millionaires","Référendum d'Initiative Citoyenne (RIC)","Interdiction de la vente de voitures thermiques neuves d'ici 2030","-","SMIC à 1600€ net par mois","Plan mondial pour le climat","-","-"
"104","B","Politique étrangère","Fiscalité","Économie","Climat","Démocratie","Plan mondial pour le climat","Rétablissement de l'impôt sur la fortune (ISF)","Versement du RSA aux 18-25 ans sans emploi","Plan pour l'isolation thermique","Élection des députés à la proportionnelle","Doubler l'aide au développement des pays à faibles revenus","-","Hausse de 20% du financement de l'hôpital public et de l'Éducation nationale","-","Référendum d'Initiative Citoyenne (RIC)"
"105","B","Démocratie","Climat","Fiscalité","Politique étrangère","Économie","-","-","Plan de redistribution nationale","Plan mondial pour le climat","SMIC à 1600€ net par mois","Référendum d'Initiative Citoyenne (RIC)","Interdiction des véhicules les plus polluants dans les centres-villes (ZFE)","Plan de redistribution nationale","Doubler l'aide au développement des pays à faibles revenus","Versement du RSA aux 18-25 ans sans emploi"
"106","B","Politique étrangère","Démocratie","Climat","Fiscalité","Économie","-","Référendum d'Initiative Citoyenne (RIC)","Plan pour l'isolation thermique","Rétablissement de l'impôt sur la fortune (ISF)","SMIC à 1600€ net par mois","-","Référendum d'Initiative Citoyenne (RIC)","Interdiction des véhicules les plus polluants dans les centres-villes (ZFE)","Plan de redistribution nationale","-"
"107","B","Démocratie","Économie","Fiscalité","Climat","Politique étrangère","Référendum d'Initiative Citoyenne (RIC)","Recul de l'âge légal de départ à la retraite à 65 ans","Plan de redistribution nationale","Interdiction des véhicules les plus polluants dans les centres-villes (ZFE)","-","Référendum d'Initiative Citoyenne (RIC)","Hausse de 20% du financement de l'hôpital public et de l'Éducation nationale","Rétablissement de l'impôt sur la fortune (ISF)","Interdiction des véhicules les plus polluants dans les centres-villes (ZFE)","Plan mondial pour le climat"
"108","B","Climate policy","Societal issues","Tax system","Foreign policy","Economics issues","Ban the sale of new combustion-engine cars by 2030","Legalization of cannabis","Wealth tax","Doubling foreign aid","-","Ban of most polluting vehicles in city centers","-","National redistribution scheme","Global climate scheme","-"
"109","A","Foreign policy","Climate policy","Societal issues","Economics issues","Tax system","Global climate scheme","Insulation plan","Strict enforcement of immigration and border legislation","Reduce the average full-time weekly working hours to 32","National redistribution scheme","Doubling foreign aid","Insulation plan","-","Real Living Wage of £11 per hour for all workers aged 16 and over","Wealth tax"
"110","B","Foreign policy","Climate policy","Economics issues","Societal issues","Tax system","-","Ban the sale of new combustion-engine cars by 2030","Real Living Wage of £11 per hour for all workers aged 16 and over","-","Wealth tax","Global democratic assembly on climate change","-","Reduce the average full-time weekly working hours to 32","Strict enforcement of immigration and border legislation","Wealth tax"
"111","A","Foreign policy","Economics issues","Tax system","Societal issues","Climate policy","Doubling foreign aid","-","-","Legalization of cannabis","Ban the sale of new combustion-engine cars by 2030","Global democratic assembly on climate change","Reduce the average full-time weekly working hours to 32","-","-","-"
"112","B","Démocratie","Fiscalité","Politique étrangère","Climat","Économie","Référendum d'Initiative Citoyenne (RIC)","Plan de redistribution nationale","Doubler l'aide au développement des pays à faibles revenus","Interdiction de la vente de voitures thermiques neuves d'ici 2030","Versement du RSA aux 18-25 ans sans emploi","Référendum d'Initiative Citoyenne (RIC)","Plan de redistribution nationale","Doubler l'aide au développement des pays à faibles revenus","Plan pour l'isolation thermique","Recul de l'âge légal de départ à la retraite à 65 ans"
"113","B","Climat","Politique étrangère","Fiscalité","Démocratie","Économie","-","Doubler l'aide au développement des pays à faibles revenus","Plan de redistribution nationale","Référendum d'Initiative Citoyenne (RIC)","Hausse de 20% du financement de l'hôpital public et de l'Éducation nationale","-","Plan mondial pour le climat","Rétablissement de l'impôt sur la fortune (ISF)","-","SMIC à 1600€ net par mois"
"114","A","Économie","Climat","Politique étrangère","Démocratie","Fiscalité","Recul de l'âge légal de départ à la retraite à 65 ans","-","Plan mondial pour le climat","-","Rétablissement de l'impôt sur la fortune (ISF)","Recul de l'âge légal de départ à la retraite à 65 ans","-","Plan mondial pour le climat","Référendum d'Initiative Citoyenne (RIC)","-"
"115","A","Fiscalité","Démocratie","Économie","Climat","Politique étrangère","Rétablissement de l'impôt sur la fortune (ISF)","-","Recul de l'âge légal de départ à la retraite à 65 ans","Plan pour l'isolation thermique","Doubler l'aide au développement des pays à faibles revenus","Rétablissement de l'impôt sur la fortune (ISF)","-","-","Interdiction de la vente de voitures thermiques neuves d'ici 2030","-"
"116","B","Foreign policy","Societal issues","Climate policy","Tax system","Economics issues","Global climate scheme","-","Ban the sale of new combustion-engine cars by 2030","National redistribution scheme","-","Global tax on millionaires","Legalization of cannabis","Ban of most polluting vehicles in city centers","National redistribution scheme","Re-establish neighbourhood policing and recruit 2,000 more frontline officers"
"117","A","Politique étrangère","Démocratie","Climat","Fiscalité","Économie","Plan mondial pour le climat","Élection des députés à la proportionnelle","-","Rétablissement de l'impôt sur la fortune (ISF)","Hausse de 20% du financement de l'hôpital public et de l'Éducation nationale","Plan mondial pour le climat","-","-","-","SMIC à 1600€ net par mois"
"118","B","Climat","Politique étrangère","Démocratie","Fiscalité","Économie","-","Plan mondial pour le climat","Élection des députés à la proportionnelle","-","SMIC à 1600€ net par mois","Plan pour l'isolation thermique","Assemblée démocratique mondiale sur le changement climatique","-","-","Hausse de 20% du financement de l'hôpital public et de l'Éducation nationale"
"119","A","Tax system","Foreign policy","Climate policy","Economics issues","Societal issues","Wealth tax","Global democratic assembly on climate change","Ban the sale of new combustion-engine cars by 2030","£150 billion to upgrade schools, hospitals, care homes and council houses","Legalization of cannabis","National redistribution scheme","Global climate scheme","Ban of most polluting vehicles in city centers","Re-establish neighbourhood policing and recruit 2,000 more frontline officers","Strict enforcement of immigration and border legislation"
"120","B","Climate policy","Economics issues","Tax system","Foreign policy","Societal issues","Insulation plan","-","Wealth tax","Doubling foreign aid","Legalization of cannabis","Insulation plan","Real Living Wage of £11 per hour for all workers aged 16 and over","Wealth tax","Global climate scheme","-"
"121","B","Foreign policy","Economics issues","Climate policy","Tax system","Societal issues","-","Re-establish neighbourhood policing and recruit 2,000 more frontline officers","-","National redistribution scheme","-","Global climate scheme","Re-establish neighbourhood policing and recruit 2,000 more frontline officers","Insulation plan","Wealth tax","Strict enforcement of immigration and border legislation"
"122","B","Économie","Politique étrangère","Démocratie","Climat","Fiscalité","Recul de l'âge légal de départ à la retraite à 65 ans","-","Élection des députés à la proportionnelle","-","Plan de redistribution nationale","Versement du RSA aux 18-25 ans sans emploi","Plan mondial pour le climat","-","-","Rétablissement de l'impôt sur la fortune (ISF)"
"123","A","Societal issues","Economics issues","Foreign policy","Climate policy","Tax system","Strict enforcement of immigration and border legislation","£150 billion to upgrade schools, hospitals, care homes and council houses","-","-","Wealth tax","-","Re-establish neighbourhood policing and recruit 2,000 more frontline officers","Global climate scheme","-","National redistribution scheme"
"124","B","Societal issues","Climate policy","Foreign policy","Tax system","Economics issues","Strict enforcement of immigration and border legislation","-","Global tax on millionaires","Wealth tax","-","Strict enforcement of immigration and border legislation","-","Global tax on millionaires","-","-"
"125","A","Politique étrangère","Économie","Démocratie","Fiscalité","Climat","Plan mondial pour le climat","-","Référendum d'Initiative Citoyenne (RIC)","Rétablissement de l'impôt sur la fortune (ISF)","-","Assemblée démocratique mondiale sur le changement climatique","Recul de l'âge légal de départ à la retraite à 65 ans","Référendum d'Initiative Citoyenne (RIC)","-","Interdiction des véhicules les plus polluants dans les centres-villes (ZFE)"
"126","A","Climat","Économie","Démocratie","Fiscalité","Politique étrangère","-","Hausse de 20% du financement de l'hôpital public et de l'Éducation nationale","Élection des députés à la proportionnelle","Plan de redistribution nationale","Assemblée démocratique mondiale sur le changement climatique","Plan pour l'isolation thermique","Versement du RSA aux 18-25 ans sans emploi","Élection des députés à la proportionnelle","Plan de redistribution nationale","-"
"127","A","Societal issues","Tax system","Economics issues","Climate policy","Foreign policy","Legalization of cannabis","National redistribution scheme","Re-establish neighbourhood policing and recruit 2,000 more frontline officers","Insulation plan","Doubling foreign aid","-","Wealth tax","-","Ban the sale of new combustion-engine cars by 2030","-"
"128","B","Foreign policy","Economics issues","Tax system","Societal issues","Climate policy","Doubling foreign aid","-","Wealth tax","Legalization of cannabis","Ban of most polluting vehicles in city centers","Doubling foreign aid","£150 billion to upgrade schools, hospitals, care homes and council houses","National redistribution scheme","Legalization of cannabis","-"
"129","A","Fiscalité","Économie","Climat","Politique étrangère","Démocratie","-","Versement du RSA aux 18-25 ans sans emploi","-","-","Référendum d'Initiative Citoyenne (RIC)","-","SMIC à 1600€ net par mois","Interdiction de la vente de voitures thermiques neuves d'ici 2030","Plan mondial pour le climat","-"
"130","A","Climat","Politique étrangère","Économie","Démocratie","Fiscalité","Interdiction de la vente de voitures thermiques neuves d'ici 2030","Assemblée démocratique mondiale sur le changement climatique","SMIC à 1600€ net par mois","-","Plan de redistribution nationale","Interdiction de la vente de voitures thermiques neuves d'ici 2030","Taxe mondiale sur les millionaires","Recul de l'âge légal de départ à la retraite à 65 ans","-","-"
"131","B","Tax system","Foreign policy","Climate policy","Economics issues","Societal issues","National redistribution scheme","Doubling foreign aid","-","Re-establish neighbourhood policing and recruit 2,000 more frontline officers","-","Wealth tax","Global climate scheme","Ban the sale of new combustion-engine cars by 2030","Real Living Wage of £11 per hour for all workers aged 16 and over","-"
"132","A","Démocratie","Climat","Politique étrangère","Économie","Fiscalité","-","-","Plan mondial pour le climat","Recul de l'âge légal de départ à la retraite à 65 ans","Rétablissement de l'impôt sur la fortune (ISF)","Élection des députés à la proportionnelle","-","Plan mondial pour le climat","Recul de l'âge légal de départ à la retraite à 65 ans","-"
"133","A","Fiscalité","Économie","Climat","Démocratie","Politique étrangère","-","Versement du RSA aux 18-25 ans sans emploi","-","-","Taxe mondiale sur les millionaires","Rétablissement de l'impôt sur la fortune (ISF)","Versement du RSA aux 18-25 ans sans emploi","Interdiction de la vente de voitures thermiques neuves d'ici 2030","-","Plan mondial pour le climat"
"134","A","Tax system","Societal issues","Foreign policy","Climate policy","Economics issues","Wealth tax","Strict enforcement of immigration and border legislation","-","Ban the sale of new combustion-engine cars by 2030","Re-establish neighbourhood policing and recruit 2,000 more frontline officers","National redistribution scheme","-","Global climate scheme","Ban the sale of new combustion-engine cars by 2030","-"
"135","A","Climate policy","Economics issues","Foreign policy","Tax system","Societal issues","Ban the sale of new combustion-engine cars by 2030","Reduce the average full-time weekly working hours to 32","Global climate scheme","Wealth tax","-","Ban of most polluting vehicles in city centers","Real Living Wage of £11 per hour for all workers aged 16 and over","Global democratic assembly on climate change","Wealth tax","-"
"136","A","Foreign policy","Economics issues","Societal issues","Tax system","Climate policy","Global climate scheme","£150 billion to upgrade schools, hospitals, care homes and council houses","Strict enforcement of immigration and border legislation","Wealth tax","Insulation plan","Global tax on millionaires","-","Legalization of cannabis","-","-"
"137","A","Außenpolitik","Steuerpolitik","Klimaschutz","Gesellschaft","Wirtschaft","Globaler Klimaschutzplan","Plan zur nationalen Umverteilung","-","Cannabis Legalisierung","Bürgerversicherung als gerechtere Sozialversicherung","Globale Steuer auf Millionäre","Plan zur nationalen Umverteilung","Ban the sale of new combustion-engine cars by 2030","Volksentscheid auf Bundesebene","Investitionen für Gigabit-Netzwerke bereitstellen."
"138","A","Política exterior","Fiscalidad","Economía","Política climática","Sociedad","Impuesto mundial a los millonarios","Plan nacional de redistribución","Ingreso Básico Garantizado de 600€ al mes","-","Reformar la ley electoral para hacer el Senado más proporcional","Duplicar la ayuda exterior a los países de renta baja","Aumentar los impuestos sobre las rentas superiores a 100.000 euros anuales","-","Plano de aislamiento","Reformar la ley electoral para hacer el Senado más proporcional"
"139","B","Klimaschutz","Gesellschaft","Steuerpolitik","Wirtschaftspolitik","Außenpolitik","Alle geeigneten Dächer eine Solaranlage bekommen","-","Nationales Umverteilungsprogramm","Investitionen für Gigabit-Netzwerke bereitstellen","Verdoppelung der Entwicklungshilfe für einkommensschwache Länder","-","Volksentscheid auf Bundesebene","Die Vermögensteuer wieder in Kraft setzen","Bürgerversicherung als gerechtere Sozialversicherung","-"
"140","A","Política climática","Asuntos sociales","Política exterior","Sistema fiscal","Asuntos económicos","-","-","Plan climático global","Plan de redistribución nacional","Inversión en el sistema educativo y universalización de la educación preescolar","-","Reformar la ley electoral para hacer el Senado más proporcional","Plan climático global","-","Ingreso Básico Garantizado de 600€ al mes"
"141","A","Außenpolitik","Klimaschutz","Gesellschaft","Steuerpolitik","Wirtschaftspolitik","-","Verbot des Verkaufs von neuen Autos mit Verbrennungsmotor bis 2030","Volksentscheid auf Bundesebene","Nationales Umverteilungsprogramm","Bürgerversicherung als gerechtere Sozialversicherung","Globale Steuer auf Millionäre","-","-","Die Vermögensteuer wieder in Kraft setzen","Staatsschuldenquote auf unter 60% reduzieren"
"142","B","Außenpolitik","Steuerpolitik","Wirtschaftspolitik","Gesellschaft","Klimaschutz","Verdoppelung der Entwicklungshilfe für einkommensschwache Länder","Die Vermögensteuer wieder in Kraft setzen","Investitionen für Gigabit-Netzwerke bereitstellen","Volksentscheid auf Bundesebene","Verbot des Verkaufs von neuen Autos mit Verbrennungsmotor bis 2030","Globales Klimaprogramm","Nationales Umverteilungsprogramm","-","Volksentscheid auf Bundesebene","Plan zur Wärmedämmung"
"143","B","Política climática","Sistema fiscal","Política exterior","Asuntos económicos","Asuntos sociales","Plan de aislamiento térmico","Aumentar los impuestos sobre las rentas superiores a 100.000 euros anuales","Impuesto mundial a los millonarios","-","Abolición de la prostitución","-","-","Plan climático global","Ingreso Básico Garantizado de 600€ al mes","Abolición de la prostitución"
"144","B","Sistema fiscal","Política climática","Política exterior","Asuntos sociales","Asuntos económicos","-","100% de electricidad producida con energías renovables en 2040","Plan climático global","Reformar la ley electoral para hacer el Senado más proporcional","Más necesidades sanitarias dentro del sistema público (cuidado dental, gafas, salud mental)","Plan de redistribución nacional","Prohibir la venta de coches nuevos con motor de combustión para 2030","Plan climático global","Reformar la ley electoral para hacer el Senado más proporcional","Más necesidades sanitarias dentro del sistema público (cuidado dental, gafas, salud mental)"
"145","B","Klimaschutz","Gesellschaft","Außenpolitik","Wirtschaftspolitik","Steuerpolitik","Plan zur Wärmedämmung","Cannabis Legalisierung","Globales Klimaprogramm","Bürgerversicherung als gerechtere Sozialversicherung","Die Vermögensteuer wieder in Kraft setzen","Alle geeigneten Dächer eine Solaranlage bekommen","Cannabis Legalisierung","Globale Steuer auf Millionäre","Erhöhung des Regelsatzes des Bürgergelds auf bis zu 600€ pro Monat","Die Vermögensteuer wieder in Kraft setzen"
"146","B","Política climática","Sistema fiscal","Política exterior","Asuntos económicos","Asuntos sociales","Plan de aislamiento térmico","-","Asamblea democrática mundial sobre el cambio climático","Inversión en el sistema educativo y universalización de la educación preescolar","Abolición de la prostitución","Plan de aislamiento térmico","Plan de redistribución nacional","Plan climático global","Más necesidades sanitarias dentro del sistema público (cuidado dental, gafas, salud mental)","Reformar la ley electoral para hacer el Senado más proporcional"
"147","A","Gesellschaft","Klimaschutz","Außenpolitik","Wirtschaftspolitik","Steuerpolitik","-","Verbot des Verkaufs von neuen Autos mit Verbrennungsmotor bis 2030","Globale demokratische Versammlung zum Klimawandel","Erhöhung des Regelsatzes des Bürgergelds auf bis zu 600€ pro Monat","Nationales Umverteilungsprogramm","Cannabis Legalisierung","-","Globales Klimaprogramm","Investitionen für Gigabit-Netzwerke bereitstellen","Die Vermögensteuer wieder in Kraft setzen"
"148","A","Wirtschaftspolitik","Gesellschaft","Klimaschutz","Außenpolitik","Steuerpolitik","Erhöhung des Regelsatzes des Bürgergelds auf bis zu 600€ pro Monat","Volksentscheid auf Bundesebene","Plan zur Wärmedämmung","Globales Klimaprogramm","-","Bürgerversicherung als gerechtere Sozialversicherung","Volksentscheid auf Bundesebene","-","Verdoppelung der Entwicklungshilfe für einkommensschwache Länder","Die Vermögensteuer wieder in Kraft setzen"
"149","B","Klimaschutz","Steuerpolitik","Gesellschaft","Wirtschaftspolitik","Außenpolitik","Verbot des Verkaufs von neuen Autos mit Verbrennungsmotor bis 2030","Nationales Umverteilungsprogramm","Cannabis Legalisierung","-","Globale Steuer auf Millionäre","Plan zur Wärmedämmung","Die Vermögensteuer wieder in Kraft setzen","-","Bürgerversicherung als gerechtere Sozialversicherung","-"
"150","B","Sistema fiscal","Asuntos sociales","Política exterior","Política climática","Asuntos económicos","-","Reformar la ley electoral para hacer el Senado más proporcional","Plan climático global","100% de electricidad producida con energías renovables en 2040","Jornada laboral de 34 horas semanales","Plan de redistribución nacional","Reformar la ley electoral para hacer el Senado más proporcional","Plan climático global","100% de electricidad producida con energías renovables en 2040","Ingreso Básico Garantizado de 600€ al mes"
"151","A","Außenpolitik","Gesellschaft","Wirtschaftspolitik","Steuerpolitik","Klimaschutz","Globales Klimaprogramm","Volksentscheid auf Bundesebene","-","Die Vermögensteuer wieder in Kraft setzen","-","Globales Klimaprogramm","Volksentscheid auf Bundesebene","Erhöhung des Regelsatzes des Bürgergelds auf bis zu 600€ pro Monat","Nationales Umverteilungsprogramm","-"
"152","B","Wirtschaftspolitik","Gesellschaft","Außenpolitik","Steuerpolitik","Klimaschutz","Erhöhung des Regelsatzes des Bürgergelds auf bis zu 600€ pro Monat","Volksentscheid auf Bundesebene","Globales Klimaprogramm","-","-","Bürgerversicherung als gerechtere Sozialversicherung","Cannabis Legalisierung","-","Nationales Umverteilungsprogramm","Plan zur Wärmedämmung"
"153","B","Asuntos económicos","Política climática","Asuntos sociales","Política exterior","Sistema fiscal","Ingreso Básico Garantizado de 600€ al mes","Plan de aislamiento térmico","-","Plan climático global","-","Jornada laboral de 34 horas semanales","Prohibir la venta de coches nuevos con motor de combustión para 2030","Reformar la ley electoral para hacer el Senado más proporcional","Plan climático global","Plan de redistribución nacional"
"154","B","Política climática","Sistema fiscal","Asuntos sociales","Política exterior","Asuntos económicos","Prohibir la venta de coches nuevos con motor de combustión para 2030","-","-","Plan climático global","-","100% de electricidad producida con energías renovables en 2040","Plan de redistribución nacional","Abolición de la prostitución","Plan climático global","Ingreso Básico Garantizado de 600€ al mes"
"155","B","Klimaschutz","Steuerpolitik","Gesellschaft","Wirtschaftspolitik","Außenpolitik","Verbot des Verkaufs von neuen Autos mit Verbrennungsmotor bis 2030","Die Vermögensteuer wieder in Kraft setzen","Cannabis Legalisierung","Investitionen für Gigabit-Netzwerke bereitstellen","Globales Klimaprogramm","Alle geeigneten Dächer eine Solaranlage bekommen","Nationales Umverteilungsprogramm","Cannabis Legalisierung","Investitionen für Gigabit-Netzwerke bereitstellen","Globale Steuer auf Millionäre"
"156","A","Klimaschutz","Wirtschaftspolitik","Gesellschaft","Steuerpolitik","Außenpolitik","Verbot des Verkaufs von neuen Autos mit Verbrennungsmotor bis 2030","Erhöhung des Regelsatzes des Bürgergelds auf bis zu 600€ pro Monat","Cannabis Legalisierung","Die Vermögensteuer wieder in Kraft setzen","Globale Steuer auf Millionäre","Plan zur Wärmedämmung","Investitionen für Gigabit-Netzwerke bereitstellen","Cannabis Legalisierung","-","Globale demokratische Versammlung zum Klimawandel"
"157","A","Außenpolitik","Klimaschutz","Wirtschaftspolitik","Steuerpolitik","Gesellschaft","-","Alle geeigneten Dächer eine Solaranlage bekommen","Investitionen für Gigabit-Netzwerke bereitstellen","Die Vermögensteuer wieder in Kraft setzen","-","Verdoppelung der Entwicklungshilfe für einkommensschwache Länder","Plan zur Wärmedämmung","Investitionen für Gigabit-Netzwerke bereitstellen","Nationales Umverteilungsprogramm","-"
"158","B","Asuntos económicos","Política climática","Asuntos sociales","Sistema fiscal","Política exterior","-","Prohibir la venta de coches nuevos con motor de combustión para 2030","Abolición de la prostitución","Plan de redistribución nacional","Plan climático global","Más necesidades sanitarias dentro del sistema público (cuidado dental, gafas, salud mental)","Plan de aislamiento térmico","Reformar la ley electoral para hacer el Senado más proporcional","-","Asamblea democrática mundial sobre el cambio climático"
"159","A","Asuntos sociales","Asuntos económicos","Sistema fiscal","Política exterior","Política climática","Reformar la ley electoral para hacer el Senado más proporcional","Más necesidades sanitarias dentro del sistema público (cuidado dental, gafas, salud mental)","-","Duplicar la ayuda exterior a los países de renta baja","100% de electricidad producida con energías renovables en 2040","-","Jornada laboral de 34 horas semanales","Plan de redistribución nacional","Plan climático global","100% de electricidad producida con energías renovables en 2040"
"160","B","Klimaschutz","Steuerpolitik","Außenpolitik","Wirtschaftspolitik","Gesellschaft","Plan zur Wärmedämmung","Nationales Umverteilungsprogramm","-","-","Cannabis Legalisierung","Alle geeigneten Dächer eine Solaranlage bekommen","-","Globales Klimaprogramm","Bürgerversicherung als gerechtere Sozialversicherung","Volksentscheid auf Bundesebene"
"161","A","Gesellschaft","Steuerpolitik","Außenpolitik","Klimaschutz","Wirtschaftspolitik","-","Die Vermögensteuer wieder in Kraft setzen","Globales Klimaprogramm","Alle geeigneten Dächer eine Solaranlage bekommen","-","Volksentscheid auf Bundesebene","Die Vermögensteuer wieder in Kraft setzen","-","-","Staatsschuldenquote auf unter 60% reduzieren"
"162","A","Steuerpolitik","Gesellschaft","Wirtschaftspolitik","Außenpolitik","Klimaschutz","Nationales Umverteilungsprogramm","Cannabis Legalisierung","Investitionen für Gigabit-Netzwerke bereitstellen","Globales Klimaprogramm","Plan zur Wärmedämmung","Nationales Umverteilungsprogramm","-","Erhöhung des Regelsatzes des Bürgergelds auf bis zu 600€ pro Monat","Globale demokratische Versammlung zum Klimawandel","Verbot des Verkaufs von neuen Autos mit Verbrennungsmotor bis 2030"
"163","B","Steuerpolitik","Außenpolitik","Wirtschaftspolitik","Klimaschutz","Gesellschaft","Die Vermögensteuer wieder in Kraft setzen","-","Bürgerversicherung als gerechtere Sozialversicherung","Verbot des Verkaufs von neuen Autos mit Verbrennungsmotor bis 2030","Cannabis Legalisierung","Die Vermögensteuer wieder in Kraft setzen","Globales Klimaprogramm","Investitionen für Gigabit-Netzwerke bereitstellen","Plan zur Wärmedämmung","Volksentscheid auf Bundesebene"
"164","A","Außenpolitik","Wirtschaftspolitik","Gesellschaft","Klimaschutz","Steuerpolitik","Globales Klimaprogramm","Erhöhung des Regelsatzes des Bürgergelds auf bis zu 600€ pro Monat","Volksentscheid auf Bundesebene","Plan zur Wärmedämmung","Nationales Umverteilungsprogramm","Verdoppelung der Entwicklungshilfe für einkommensschwache Länder","Investitionen für Gigabit-Netzwerke bereitstellen","-","Verbot des Verkaufs von neuen Autos mit Verbrennungsmotor bis 2030","Die Vermögensteuer wieder in Kraft setzen"
"165","B","Política exterior","Asuntos sociales","Política climática","Asuntos económicos","Sistema fiscal","Asamblea democrática mundial sobre el cambio climático","-","100% de electricidad producida con energías renovables en 2040","Más necesidades sanitarias dentro del sistema público (cuidado dental, gafas, salud mental)","Aumentar los impuestos sobre las rentas superiores a 100.000 euros anuales","Plan climático global","Abolición de la prostitución","100% de electricidad producida con energías renovables en 2040","-","Aumentar los impuestos sobre las rentas superiores a 100.000 euros anuales"
"166","A","Gesellschaft","Klimaschutz","Steuerpolitik","Wirtschaftspolitik","Außenpolitik","-","-","Nationales Umverteilungsprogramm","Staatsschuldenquote auf unter 60% reduzieren","Globale demokratische Versammlung zum Klimawandel","Volksentscheid auf Bundesebene","Alle geeigneten Dächer eine Solaranlage bekommen","Nationales Umverteilungsprogramm","Erhöhung des Regelsatzes des Bürgergelds auf bis zu 600€ pro Monat","Globales Klimaprogramm"
"167","B","Steuerpolitik","Klimaschutz","Gesellschaft","Wirtschaftspolitik","Außenpolitik","Nationales Umverteilungsprogramm","-","Volksentscheid auf Bundesebene","-","Verdoppelung der Entwicklungshilfe für einkommensschwache Länder","Die Vermögensteuer wieder in Kraft setzen","Plan zur Wärmedämmung","Volksentscheid auf Bundesebene","Investitionen für Gigabit-Netzwerke bereitstellen","-"
"168","A","Wirtschaftspolitik","Gesellschaft","Klimaschutz","Außenpolitik","Steuerpolitik","Staatsschuldenquote auf unter 60% reduzieren","-","Alle geeigneten Dächer eine Solaranlage bekommen","Globale Steuer auf Millionäre","Nationales Umverteilungsprogramm","Investitionen für Gigabit-Netzwerke bereitstellen","Cannabis Legalisierung","Alle geeigneten Dächer eine Solaranlage bekommen","Globale Steuer auf Millionäre","Nationales Umverteilungsprogramm"
"169","A","Asuntos económicos","Política exterior","Sistema fiscal","Política climática","Asuntos sociales","Inversión en el sistema educativo y universalización de la educación preescolar","Plan climático global","-","100% de electricidad producida con energías renovables en 2040","Abolición de la prostitución","Inversión en el sistema educativo y universalización de la educación preescolar","Impuesto mundial a los millonarios","Aumentar los impuestos sobre las rentas superiores a 100.000 euros anuales","Prohibir la venta de coches nuevos con motor de combustión para 2030","-"
"170","B","Asuntos sociales","Sistema fiscal","Política exterior","Asuntos económicos","Política climática","Abolición de la prostitución","Aumentar los impuestos sobre las rentas superiores a 100.000 euros anuales","Plan climático global","Más necesidades sanitarias dentro del sistema público (cuidado dental, gafas, salud mental)","-","Abolición de la prostitución","Plan de redistribución nacional","Plan climático global","Inversión en el sistema educativo y universalización de la educación preescolar","100% de electricidad producida con energías renovables en 2040"
"171","A","Gesellschaft","Wirtschaftspolitik","Steuerpolitik","Außenpolitik","Klimaschutz","Cannabis Legalisierung","Investitionen für Gigabit-Netzwerke bereitstellen","-","Globales Klimaprogramm","Alle geeigneten Dächer eine Solaranlage bekommen","Volksentscheid auf Bundesebene","Staatsschuldenquote auf unter 60% reduzieren","Die Vermögensteuer wieder in Kraft setzen","Globales Klimaprogramm","Verbot des Verkaufs von neuen Autos mit Verbrennungsmotor bis 2030"
"172","A","Wirtschaftspolitik","Steuerpolitik","Gesellschaft","Außenpolitik","Klimaschutz","Erhöhung des Regelsatzes des Bürgergelds auf bis zu 600€ pro Monat","Die Vermögensteuer wieder in Kraft setzen","-","Globale demokratische Versammlung zum Klimawandel","Plan zur Wärmedämmung","Investitionen für Gigabit-Netzwerke bereitstellen","-","Cannabis Legalisierung","Globale demokratische Versammlung zum Klimawandel","-"
"173","A","Política exterior","Asuntos sociales","Política climática","Asuntos económicos","Sistema fiscal","Plan climático global","Abolición de la prostitución","Prohibir la venta de coches nuevos con motor de combustión para 2030","Más necesidades sanitarias dentro del sistema público (cuidado dental, gafas, salud mental)","-","Duplicar la ayuda exterior a los países de renta baja","Reformar la ley electoral para hacer el Senado más proporcional","Plan de aislamiento térmico","Jornada laboral de 34 horas semanales","Plan de redistribución nacional"
"174","B","Política climática","Asuntos económicos","Política exterior","Asuntos sociales","Sistema fiscal","Plan de aislamiento térmico","Inversión en el sistema educativo y universalización de la educación preescolar","Impuesto mundial a los millonarios","-","Plan de redistribución nacional","-","Ingreso Básico Garantizado de 600€ al mes","-","Reformar la ley electoral para hacer el Senado más proporcional","Plan de redistribución nacional"
"175","A","Klimaschutz","Wirtschaftspolitik","Steuerpolitik","Gesellschaft","Außenpolitik","Alle geeigneten Dächer eine Solaranlage bekommen","Investitionen für Gigabit-Netzwerke bereitstellen","Die Vermögensteuer wieder in Kraft setzen","Volksentscheid auf Bundesebene","Globales Klimaprogramm","Alle geeigneten Dächer eine Solaranlage bekommen","Erhöhung des Regelsatzes des Bürgergelds auf bis zu 600€ pro Monat","-","Cannabis Legalisierung","Verdoppelung der Entwicklungshilfe für einkommensschwache Länder"
"176","B","Gesellschaft","Klimaschutz","Außenpolitik","Steuerpolitik","Wirtschaftspolitik","Volksentscheid auf Bundesebene","Plan zur Wärmedämmung","Verdoppelung der Entwicklungshilfe für einkommensschwache Länder","-","Staatsschuldenquote auf unter 60% reduzieren","-","Plan zur Wärmedämmung","Globales Klimaprogramm","-","Bürgerversicherung als gerechtere Sozialversicherung"
"177","B","Gesellschaft","Steuerpolitik","Klimaschutz","Wirtschaftspolitik","Außenpolitik","-","-","Alle geeigneten Dächer eine Solaranlage bekommen","Staatsschuldenquote auf unter 60% reduzieren","Globale demokratische Versammlung zum Klimawandel","Cannabis Legalisierung","Nationales Umverteilungsprogramm","Verbot des Verkaufs von neuen Autos mit Verbrennungsmotor bis 2030","Staatsschuldenquote auf unter 60% reduzieren","-"
"178","A","Außenpolitik","Gesellschaft","Wirtschaftspolitik","Steuerpolitik","Klimaschutz","-","-","Erhöhung des Regelsatzes des Bürgergelds auf bis zu 600€ pro Monat","Die Vermögensteuer wieder in Kraft setzen","-","-","Cannabis Legalisierung","Bürgerversicherung als gerechtere Sozialversicherung","Nationales Umverteilungsprogramm","Alle geeigneten Dächer eine Solaranlage bekommen"
"179","B","Klimaschutz","Außenpolitik","Steuerpolitik","Gesellschaft","Wirtschaftspolitik","-","Globales Klimaprogramm","Die Vermögensteuer wieder in Kraft setzen","Cannabis Legalisierung","Bürgerversicherung als gerechtere Sozialversicherung","-","Globale demokratische Versammlung zum Klimawandel","Die Vermögensteuer wieder in Kraft setzen","Volksentscheid auf Bundesebene","Staatsschuldenquote auf unter 60% reduzieren"
"180","A","Klimaschutz","Steuerpolitik","Wirtschaftspolitik","Außenpolitik","Gesellschaft","Alle geeigneten Dächer eine Solaranlage bekommen","Nationales Umverteilungsprogramm","Staatsschuldenquote auf unter 60% reduzieren","Globales Klimaprogramm","-","Alle geeigneten Dächer eine Solaranlage bekommen","Die Vermögensteuer wieder in Kraft setzen","Erhöhung des Regelsatzes des Bürgergelds auf bis zu 600€ pro Monat","Globales Klimaprogramm","Cannabis Legalisierung"
"181","A","Außenpolitik","Gesellschaft","Steuerpolitik","Wirtschaftspolitik","Klimaschutz","Globale Steuer auf Millionäre","-","Die Vermögensteuer wieder in Kraft setzen","-","Plan zur Wärmedämmung","Globale demokratische Versammlung zum Klimawandel","Cannabis Legalisierung","Die Vermögensteuer wieder in Kraft setzen","Erhöhung des Regelsatzes des Bürgergelds auf bis zu 600€ pro Monat","-"
"182","B","Asuntos sociales","Asuntos económicos","Sistema fiscal","Política exterior","Política climática","Abolición de la prostitución","-","-","Impuesto mundial a los millonarios","Prohibir la venta de coches nuevos con motor de combustión para 2030","Reformar la ley electoral para hacer el Senado más proporcional","Más necesidades sanitarias dentro del sistema público (cuidado dental, gafas, salud mental)","Aumentar los impuestos sobre las rentas superiores a 100.000 euros anuales","Plan climático global","Prohibir la venta de coches nuevos con motor de combustión para 2030"
"183","B","Außenpolitik","Klimaschutz","Steuerpolitik","Wirtschaftspolitik","Gesellschaft","Globales Klimaprogramm","Plan zur Wärmedämmung","Nationales Umverteilungsprogramm","Staatsschuldenquote auf unter 60% reduzieren","Volksentscheid auf Bundesebene","Globale Steuer auf Millionäre","Plan zur Wärmedämmung","Nationales Umverteilungsprogramm","-","Volksentscheid auf Bundesebene"
"184","B","Sistema fiscal","Asuntos sociales","Política exterior","Asuntos económicos","Política climática","Plan de redistribución nacional","Reformar la ley electoral para hacer el Senado más proporcional","Plan climático global","-","100% de electricidad producida con energías renovables en 2040","Aumentar los impuestos sobre las rentas superiores a 100.000 euros anuales","Reformar la ley electoral para hacer el Senado más proporcional","Plan climático global","Jornada laboral de 34 horas semanales","-"
"185","A","Sistema fiscal","Asuntos sociales","Política climática","Asuntos económicos","Política exterior","-","Reformar la ley electoral para hacer el Senado más proporcional","Prohibir la venta de coches nuevos con motor de combustión para 2030","Inversión en el sistema educativo y universalización de la educación preescolar","Asamblea democrática mundial sobre el cambio climático","Aumentar los impuestos sobre las rentas superiores a 100.000 euros anuales","Reformar la ley electoral para hacer el Senado más proporcional","Plan de aislamiento térmico","Ingreso Básico Garantizado de 600€ al mes","-"
"186","B","Sistema fiscal","Política exterior","Política climática","Asuntos económicos","Asuntos sociales","Plan de redistribución nacional","Impuesto mundial a los millonarios","Prohibir la venta de coches nuevos con motor de combustión para 2030","-","-","Plan de redistribución nacional","Plan climático global","100% de electricidad producida con energías renovables en 2040","Ingreso Básico Garantizado de 600€ al mes","-"
"187","B","Asuntos sociales","Política exterior","Asuntos económicos","Política climática","Sistema fiscal","Reformar la ley electoral para hacer el Senado más proporcional","Duplicar la ayuda exterior a los países de renta baja","Ingreso Básico Garantizado de 600€ al mes","-","Aumentar los impuestos sobre las rentas superiores a 100.000 euros anuales","-","Plan climático global","Inversión en el sistema educativo y universalización de la educación preescolar","-","Plan de redistribución nacional"
"188","B","Política climática","Política exterior","Sistema fiscal","Asuntos sociales","Asuntos económicos","Plan de aislamiento térmico","Asamblea democrática mundial sobre el cambio climático","Plan de redistribución nacional","-","Jornada laboral de 34 horas semanales","Prohibir la venta de coches nuevos con motor de combustión para 2030","Impuesto mundial a los millonarios","Aumentar los impuestos sobre las rentas superiores a 100.000 euros anuales","Reformar la ley electoral para hacer el Senado más proporcional","Ingreso Básico Garantizado de 600€ al mes"
"189","A","Sistema fiscal","Política exterior","Asuntos económicos","Asuntos sociales","Política climática","Plan de redistribución nacional","Asamblea democrática mundial sobre el cambio climático","Más necesidades sanitarias dentro del sistema público (cuidado dental, gafas, salud mental)","-","100% de electricidad producida con energías renovables en 2040","-","-","Inversión en el sistema educativo y universalización de la educación preescolar","Reformar la ley electoral para hacer el Senado más proporcional","-"
"190","A","Política climática","Sistema fiscal","Asuntos económicos","Política exterior","Asuntos sociales","Plan de aislamiento térmico","Aumentar los impuestos sobre las rentas superiores a 100.000 euros anuales","Más necesidades sanitarias dentro del sistema público (cuidado dental, gafas, salud mental)","Plan climático global","Abolición de la prostitución","-","Aumentar los impuestos sobre las rentas superiores a 100.000 euros anuales","Ingreso Básico Garantizado de 600€ al mes","Duplicar la ayuda exterior a los países de renta baja","-"
"191","B","Asuntos económicos","Sistema fiscal","Asuntos sociales","Política climática","Política exterior","Ingreso Básico Garantizado de 600€ al mes","Aumentar los impuestos sobre las rentas superiores a 100.000 euros anuales","Reformar la ley electoral para hacer el Senado más proporcional","Plan de aislamiento térmico","-","Más necesidades sanitarias dentro del sistema público (cuidado dental, gafas, salud mental)","Aumentar los impuestos sobre las rentas superiores a 100.000 euros anuales","Reformar la ley electoral para hacer el Senado más proporcional","-","Impuesto mundial a los millonarios"
"192","B","Política exterior","Asuntos sociales","Sistema fiscal","Asuntos económicos","Política climática","Asamblea democrática mundial sobre el cambio climático","Abolición de la prostitución","Plan de redistribución nacional","Jornada laboral de 34 horas semanales","-","Asamblea democrática mundial sobre el cambio climático","Reformar la ley electoral para hacer el Senado más proporcional","Aumentar los impuestos sobre las rentas superiores a 100.000 euros anuales","Más necesidades sanitarias dentro del sistema público (cuidado dental, gafas, salud mental)","-"
"193","B","Asuntos económicos","Asuntos sociales","Política climática","Sistema fiscal","Política exterior","-","Reformar la ley electoral para hacer el Senado más proporcional","Prohibir la venta de coches nuevos con motor de combustión para 2030","Aumentar los impuestos sobre las rentas superiores a 100.000 euros anuales","Impuesto mundial a los millonarios","Más necesidades sanitarias dentro del sistema público (cuidado dental, gafas, salud mental)","-","-","Plan de redistribución nacional","Plan climático global"
"194","A","Asuntos económicos","Política climática","Política exterior","Asuntos sociales","Sistema fiscal","Ingreso Básico Garantizado de 600€ al mes","100% de electricidad producida con energías renovables en 2040","Duplicar la ayuda exterior a los países de renta baja","Abolición de la prostitución","Aumentar los impuestos sobre las rentas superiores a 100.000 euros anuales","-","100% de electricidad producida con energías renovables en 2040","Plan climático global","-","Aumentar los impuestos sobre las rentas superiores a 100.000 euros anuales"
"195","A","Política climática","Sistema fiscal","Asuntos económicos","Asuntos sociales","Política exterior","100% de electricidad producida con energías renovables en 2040","Aumentar los impuestos sobre las rentas superiores a 100.000 euros anuales","Ingreso Básico Garantizado de 600€ al mes","Abolición de la prostitución","Plan climático global","Plan de aislamiento térmico","Plan de redistribución nacional","Inversión en el sistema educativo y universalización de la educación preescolar","-","Plan climático global"
