"Country Name","Country Code","Indicator Name","Indicator Code","1960","1961","1962","1963","1964","1965","1966","1967","1968","1969","1970","1971","1972","1973","1974","1975","1976","1977","1978","1979","1980","1981","1982","1983","1984","1985","1986","1987","1988","1989","1990","1991","1992","1993","1994","1995","1996","1997","1998","1999","2000","2001","2002","2003","2004","2005","2006","2007","2008","2009","2010","2011","2012","2013","2014","2015","2016","2017","2018","2019","2020","2021",
"Aruba","ABW","Poverty gap at $2.15 a day (2017 PPP) (%)","SI.POV.GAPS","","","","","","","","","","","","","","","","","","","","","","","","","","","","","","","","","","","","","","","","","","","","","","","","","","","","","","","","","","","","","","",
"Africa Eastern and Southern","AFE","Poverty gap at $2.15 a day (2017 PPP) (%)","SI.POV.GAPS","","","","","","","","","","","","","","","","","","","","","","","","","","","","","","","","","","","","","","","","","","","","","","","","","","","","","","","","","","","","","","",
"Afghanistan","AFG","Poverty gap at $2.15 a day (2017 PPP) (%)","SI.POV.GAPS","","","","","","","","","","","","","","","","","","","","","","","","","","","","","","","","","","","","","","","","","","","","","","","","","","","","","","","","","","","","","","",
"Africa Western and Central","AFW","Poverty gap at $2.15 a day (2017 PPP) (%)","SI.POV.GAPS","","","","","","","","","","","","","","","","","","","","","","","","","","","","","","","","","","","","","","","","","","","","","","","","","","","","","","","","","","","","","","",
"Angola","AGO","Poverty gap at $2.15 a day (2017 PPP) (%)","SI.POV.GAPS","","","","","","","","","","","","","","","","","","","","","","","","","","","","","","","","","","","","","","","","","9.1","","","","","","","","4.1","","","","","","","","","","11.9","","","",
"Albania","ALB","Poverty gap at $2.15 a day (2017 PPP) (%)","SI.POV.GAPS","","","","","","","","","","","","","","","","","","","","","","","","","","","","","","","","","","","","","0.1","","","","","","0.2","","","0.1","","","0","","","","0.1","","0.1","0","0","0","0","0","","",
"Andorra","AND","Poverty gap at $2.15 a day (2017 PPP) (%)","SI.POV.GAPS","","","","","","","","","","","","","","","","","","","","","","","","","","","","","","","","","","","","","","","","","","","","","","","","","","","","","","","","","","","","","","",
"Arab World","ARB","Poverty gap at $2.15 a day (2017 PPP) (%)","SI.POV.GAPS","","","","","","","","","","","","","","","","","","","","","","","","","","","","","","","","","","","","","","","","","","","","","","","","","","","","","","","","","","","","","","",
"United Arab Emirates","ARE","Poverty gap at $2.15 a day (2017 PPP) (%)","SI.POV.GAPS","","","","","","","","","","","","","","","","","","","","","","","","","","","","","","","","","","","","","","","","","","","","","","","","","","","","","","0","","","","","0","","","",
"Argentina","ARG","Poverty gap at $2.15 a day (2017 PPP) (%)","SI.POV.GAPS","","","","","","","","","","","","","","","","","","","","","0.2","","","","","","1.1","0.9","","","","0.6","1.1","1.2","1.4","2.2","2.7","2.2","2.1","2.4","2.7","4.5","4.9","1.9","1.3","0.9","0.8","0.7","0.6","0.5","0.3","0.3","0.3","0.3","0.3","","0.3","0.2","0.3","0.3","0.3","",
"Armenia","ARM","Poverty gap at $2.15 a day (2017 PPP) (%)","SI.POV.GAPS","","","","","","","","","","","","","","","","","","","","","","","","","","","","","","","","","","","","","","","","2.8","","3","2.1","1.2","1.2","0.6","0.3","0.3","0.2","0.2","0.2","0.2","0.2","0.3","0.2","0.2","0.2","0.1","0.2","0.1","0.1","",
"American Samoa","ASM","Poverty gap at $2.15 a day (2017 PPP) (%)","SI.POV.GAPS","","","","","","","","","","","","","","","","","","","","","","","","","","","","","","","","","","","","","","","","","","","","","","","","","","","","","","","","","","","","","","",
"Antigua and Barbuda","ATG","Poverty gap at $2.15 a day (2017 PPP) (%)","SI.POV.GAPS","","","","","","","","","","","","","","","","","","","","","","","","","","","","","","","","","","","","","","","","","","","","","","","","","","","","","","","","","","","","","","",
"Australia","AUS","Poverty gap at $2.15 a day (2017 PPP) (%)","SI.POV.GAPS","","","","","","","","","","","","","","","","","","","","","","0.5","","","","0.6","","","","0.5","","","","","","0.6","","","","","","0.6","","0.8","0.4","","","","0.3","","0.3","","","","0.4","","0.3","","0.4","","","",
"Austria","AUT","Poverty gap at $2.15 a day (2017 PPP) (%)","SI.POV.GAPS","","","","","","","","","","","","","","","","","","","","","","","","","","","","0","","","","","","","0.2","1","","0.2","","","0","","","0.3","0.1","0.1","0","0.3","0.2","0.5","0.4","0.3","0.4","0.2","0.1","0.6","0.6","0.2","0.5","0.5","","",
"Azerbaijan","AZE","Poverty gap at $2.15 a day (2017 PPP) (%)","SI.POV.GAPS","","","","","","","","","","","","","","","","","","","","","","","","","","","","","","","","","","","","3.5","","","","","","1.1","0","0","0","0","","","","","","","","","","","","","","","","",
"Burundi","BDI","Poverty gap at $2.15 a day (2017 PPP) (%)","SI.POV.GAPS","","","","","","","","","","","","","","","","","","","","","","","","","","","","","","","","","31.3","","","","","","39.9","","","","","","","","27.3","","","","","","","25.2","","","","","","","","",
"Belgium","BEL","Poverty gap at $2.15 a day (2017 PPP) (%)","SI.POV.GAPS","","","","","","","","","","","","","","","","","","","","","","","","","","0.2","","","0.5","","","","0.8","","","0.4","","0.3","","","0.3","","","0.2","0","0.1","0.1","0.1","0.1","0.1","0.1","0.1","0.1","0.1","0.1","0.1","0.1","0.1","0.1","0.1","","",
"Benin","BEN","Poverty gap at $2.15 a day (2017 PPP) (%)","SI.POV.GAPS","","","","","","","","","","","","","","","","","","","","","","","","","","","","","","","","","","","","","","","","","","","","18.2","","","","","","","","19.8","","","","23","","","4.8","","","",
"Burkina Faso","BFA","Poverty gap at $2.15 a day (2017 PPP) (%)","SI.POV.GAPS","","","","","","","","","","","","","","","","","","","","","","","","","","","","","","","","","","","46.7","","","","41.1","","","","","22.1","","","","","","18.2","","","","","9.5","","","","8.4","","","",
"Bangladesh","BGD","Poverty gap at $2.15 a day (2017 PPP) (%)","SI.POV.GAPS","","","","","","","","","","","","","","","","","","","","","","","","9.3","","6.8","","","10.4","","","10.5","","","","7.5","","","","","7.3","","","","","4.6","","","","","3.2","","","","","","2.4","","","","","",
"Bulgaria","BGR","Poverty gap at $2.15 a day (2017 PPP) (%)","SI.POV.GAPS","","","","","","","","","","","","","","","","","","","","","","","","","","","","","","","","","","","","","","","","","","","","","","","2.7","0.7","0.4","0.3","0.7","1","0.8","0.8","0.5","1.5","0.8","0.5","0.3","0.3","","",
"Bahrain","BHR","Poverty gap at $2.15 a day (2017 PPP) (%)","SI.POV.GAPS","","","","","","","","","","","","","","","","","","","","","","","","","","","","","","","","","","","","","","","","","","","","","","","","","","","","","","","","","","","","","","",
"Bahamas, The","BHS","Poverty gap at $2.15 a day (2017 PPP) (%)","SI.POV.GAPS","","","","","","","","","","","","","","","","","","","","","","","","","","","","","","","","","","","","","","","","","","","","","","","","","","","","","","","","","","","","","","",
"Bosnia and Herzegovina","BIH","Poverty gap at $2.15 a day (2017 PPP) (%)","SI.POV.GAPS","","","","","","","","","","","","","","","","","","","","","","","","","","","","","","","","","","","","","","","","","","0.1","","","0.1","","","0","","","","0","","","","","","","","","","",
"Belarus","BLR","Poverty gap at $2.15 a day (2017 PPP) (%)","SI.POV.GAPS","","","","","","","","","","","","","","","","","","","","","","","","","","","","","","","","","","","","","","","5.6","5.2","3.5","1.5","1","0.8","0.2","0.2","0.1","0","0","0","0","0","0","0","0","0","0","0","0","0","0","",
"Belize","BLZ","Poverty gap at $2.15 a day (2017 PPP) (%)","SI.POV.GAPS","","","","","","","","","","","","","","","","","","","","","","","","","","","","","","","","","","6.2","5.8","","7.3","9.6","7.7","7.7","","","","","","","","","","","","","","","","","","","","","","",
"Bermuda","BMU","Poverty gap at $2.15 a day (2017 PPP) (%)","SI.POV.GAPS","","","","","","","","","","","","","","","","","","","","","","","","","","","","","","","","","","","","","","","","","","","","","","","","","","","","","","","","","","","","","","",
"Bolivia","BOL","Poverty gap at $2.15 a day (2017 PPP) (%)","SI.POV.GAPS","","","","","","","","","","","","","","","","","","","","","","","","","","","","","","","","","","","","","","8","","13.1","15.1","10","11","","4.4","7.9","6.3","4.6","3.8","3.8","","2.2","3","2.3","1.9","2.1","2.6","2.1","1.3","0.6","0.9","",
"Brazil","BRA","Poverty gap at $2.15 a day (2017 PPP) (%)","SI.POV.GAPS","","","","","","","","","","","","","","","","","","","","","","9.7","9.9","12.7","12.1","10.3","4.6","8.2","9.6","8.7","9.9","","10.2","9.6","","6","6.8","6.7","5.9","6.1","","5.2","4.4","4.9","4.2","3.7","3.1","3.2","2.5","2.4","","2.2","1.7","1.3","1.1","1.3","1.7","2","2","2.1","0.7","",
"Barbados","BRB","Poverty gap at $2.15 a day (2017 PPP) (%)","SI.POV.GAPS","","","","","","","","","","","","","","","","","","","","","","","","","","","","","","","","","","","","","","","","","","","","","","","","","","","","","","","","","","","","","","",
"Brunei Darussalam","BRN","Poverty gap at $2.15 a day (2017 PPP) (%)","SI.POV.GAPS","","","","","","","","","","","","","","","","","","","","","","","","","","","","","","","","","","","","","","","","","","","","","","","","","","","","","","","","","","","","","","",
"Bhutan","BTN","Poverty gap at $2.15 a day (2017 PPP) (%)","SI.POV.GAPS","","","","","","","","","","","","","","","","","","","","","","","","","","","","","","","","","","","","","","","","","","","","2.3","","","","1.1","","","","","0.3","","","","","0.2","","","","",
"Botswana","BWA","Poverty gap at $2.15 a day (2017 PPP) (%)","SI.POV.GAPS","","","","","","","","","","","","","","","","","","","","","","","","","","17.4","","","","","","","","13.1","","","","","","","","","11.1","","","","","","","5.5","","","","","","4.1","","","","","","",
"Central African Republic","CAF","Poverty gap at $2.15 a day (2017 PPP) (%)","SI.POV.GAPS","","","","","","","","","","","","","","","","","","","","","","","","","","","","","","","","","56.2","","","","","","","","","","","","","","","","29.7","","","","","","","","","","","","","",
"Canada","CAN","Poverty gap at $2.15 a day (2017 PPP) (%)","SI.POV.GAPS","","","","","","","","","","","","1.6","","","","0.7","","","","","","0.4","","","","","","0.1","","","","0.1","","","0.2","","","0.2","0.2","","0.2","","","","0.1","","","0.1","","","0.1","","0.1","0.1","0.1","0.1","0.1","0.1","","","","",
"Central Europe and the Baltics","CEB","Poverty gap at $2.15 a day (2017 PPP) (%)","SI.POV.GAPS","","","","","","","","","","","","","","","","","","","","","","","","","","","","","","","","","","","","","","","","","","","","","","","","","","","","","","","","","","","","","","",
"Switzerland","CHE","Poverty gap at $2.15 a day (2017 PPP) (%)","SI.POV.GAPS","","","","","","","","","","","","","","","","","","","","","","","0.6","","","","","","","","","","0.5","","","","","","","","0","","0","","","","0","0","0","0","0","0","0","0","0","0","0","0","0","","","",
"Channel Islands","CHI","Poverty gap at $2.15 a day (2017 PPP) (%)","SI.POV.GAPS","","","","","","","","","","","","","","","","","","","","","","","","","","","","","","","","","","","","","","","","","","","","","","","","","","","","","","","","","","","","","","",
"Chile","CHL","Poverty gap at $2.15 a day (2017 PPP) (%)","SI.POV.GAPS","","","","","","","","","","","","","","","","","","","","","","","","","","","","5.2","","","3.6","","2","","2.4","","1.6","","1.7","","2.2","","","2.1","","","0.7","","","0.6","","0.3","","0.2","","0.2","","0.2","","","0.4","",
"China","CHN","Poverty gap at $2.15 a day (2017 PPP) (%)","SI.POV.GAPS","","","","","","","","","","","","","","","","","","","","","","","","","","","","","","","28.3","","","24.1","","","15.9","","","15.9","","","12.4","","","6.2","","","5.1","","3.6","2.5","2","0.5","0.4","0.2","0.2","0.1","0.1","0","","",
"Cote d'Ivoire","CIV","Poverty gap at $2.15 a day (2017 PPP) (%)","SI.POV.GAPS","","","","","","","","","","","","","","","","","","","","","","","","","","2.6","0.9","2.2","3.5","","","","8.5","","","6.5","","","9.6","","","","8.9","","","","","","12.4","","","","","","","11.2","","","2.4","","","",
"Cameroon","CMR","Poverty gap at $2.15 a day (2017 PPP) (%)","SI.POV.GAPS","","","","","","","","","","","","","","","","","","","","","","","","","","","","","","","","","","","","","16.8","","","","","6.9","","","","","","9.3","","","","","","","8.3","","","","","","","",
"Congo, Dem. Rep.","COD","Poverty gap at $2.15 a day (2017 PPP) (%)","SI.POV.GAPS","","","","","","","","","","","","","","","","","","","","","","","","","","","","","","","","","","","","","","","","","","","","","58.5","","","","","","","","32.6","","","","","","","","","",
"Congo, Rep.","COG","Poverty gap at $2.15 a day (2017 PPP) (%)","SI.POV.GAPS","","","","","","","","","","","","","","","","","","","","","","","","","","","","","","","","","","","","","","","","","","","","","","19.6","","","","","","13.8","","","","","","","","","","",
"Colombia","COL","Poverty gap at $2.15 a day (2017 PPP) (%)","SI.POV.GAPS","","","","","","","","","","","","","","","","","","","","","","","","","","","","","","","","","4.9","","","","9.5","","","11.5","11.3","10.8","5.1","4.9","4","3.7","","","4.4","3.6","3","2.5","2.5","2.3","2.1","1.9","1.9","1.7","1.8","2.1","5.6","",
"Comoros","COM","Poverty gap at $2.15 a day (2017 PPP) (%)","SI.POV.GAPS","","","","","","","","","","","","","","","","","","","","","","","","","","","","","","","","","","","","","","","","","","","","","4.2","","","","","","","","","","6.7","","","","","","","",
"Cabo Verde","CPV","Poverty gap at $2.15 a day (2017 PPP) (%)","SI.POV.GAPS","","","","","","","","","","","","","","","","","","","","","","","","","","","","","","","","","","","","","","","","","","5.7","","","","","","2.5","","","","","","","","1","","","","","","",
"Costa Rica","CRI","Poverty gap at $2.15 a day (2017 PPP) (%)","SI.POV.GAPS","","","","","","","","","","","","","","","","","","","","","","11.3","","","","","6","","","5.9","5.5","6","5","4.7","3.7","3.9","4.4","3.2","2.5","3.1","3.3","2.3","2.2","2.1","1.8","1.2","1.3","0.7","1","1.1","0.7","0.7","0.6","0.6","0.6","0.6","0.5","0.4","0.6","0.4","0.9","",
"Caribbean small states","CSS","Poverty gap at $2.15 a day (2017 PPP) (%)","SI.POV.GAPS","","","","","","","","","","","","","","","","","","","","","","","","","","","","","","","","","","","","","","","","","","","","","","","","","","","","","","","","","","","","","","",
"Cuba","CUB","Poverty gap at $2.15 a day (2017 PPP) (%)","SI.POV.GAPS","","","","","","","","","","","","","","","","","","","","","","","","","","","","","","","","","","","","","","","","","","","","","","","","","","","","","","","","","","","","","","",
"Curacao","CUW","Poverty gap at $2.15 a day (2017 PPP) (%)","SI.POV.GAPS","","","","","","","","","","","","","","","","","","","","","","","","","","","","","","","","","","","","","","","","","","","","","","","","","","","","","","","","","","","","","","",
"Cayman Islands","CYM","Poverty gap at $2.15 a day (2017 PPP) (%)","SI.POV.GAPS","","","","","","","","","","","","","","","","","","","","","","","","","","","","","","","","","","","","","","","","","","","","","","","","","","","","","","","","","","","","","","",
"Cyprus","CYP","Poverty gap at $2.15 a day (2017 PPP) (%)","SI.POV.GAPS","","","","","","","","","","","","","","","","","","","","","","","","","","","","","","","","","","","","","","","","","","","","","0.1","0","0","0","0","0.1","0","0","0","0","0.1","0","0","0","0","0.2","","",
"Czechia","CZE","Poverty gap at $2.15 a day (2017 PPP) (%)","SI.POV.GAPS","","","","","","","","","","","","","","","","","","","","","","","","","","","","","","","","","0","0","","","0","","","","","","0","","0","0","0","0","0","0","0","0","0","0","0","0","0","0","0","0","","",
"Germany","DEU","Poverty gap at $2.15 a day (2017 PPP) (%)","SI.POV.GAPS","","","","","","","","","","","","","","","","","","","","","","","","","","","","","","","","0","0","0","0.1","0.1","0","0","0","0","0","0","0","0","0","0","0","0","0","0","0","0","0","0","0","0","0","0.1","0","","","",
"Djibouti","DJI","Poverty gap at $2.15 a day (2017 PPP) (%)","SI.POV.GAPS","","","","","","","","","","","","","","","","","","","","","","","","","","","","","","","","","","","","","","","","","","","6.9","","","","","","","","","","8.4","8.4","","","","6.4","","","","",
"Dominica","DMA","Poverty gap at $2.15 a day (2017 PPP) (%)","SI.POV.GAPS","","","","","","","","","","","","","","","","","","","","","","","","","","","","","","","","","","","","","","","","","","","","","","","","","","","","","","","","","","","","","","",
"Denmark","DNK","Poverty gap at $2.15 a day (2017 PPP) (%)","SI.POV.GAPS","","","","","","","","","","","","","","","","","","","","","","","","","","","","0.5","","","","","0.5","","","0","","","","","0","","","0.2","0.2","0.1","0","0","0.1","0.1","0","0","0","0.3","0.1","0.1","0.2","0.1","0.1","0.2","","",
"Dominican Republic","DOM","Poverty gap at $2.15 a day (2017 PPP) (%)","SI.POV.GAPS","","","","","","","","","","","","","","","","","","","","","","","","","","","2.3","","","4.9","","","2.1","","","","2.4","2.6","","","2.4","1.6","2.6","2.9","3.6","2.3","1.7","1.7","1.5","1.2","0.9","1","1","0.8","0.8","0.6","0.6","0.3","0.2","0.2","0.4","",
"Algeria","DZA","Poverty gap at $2.15 a day (2017 PPP) (%)","SI.POV.GAPS","","","","","","","","","","","","","","","","","","","","","","","","","","","","","0.9","","","","","","","1.1","","","","","","","","","","","","","","","","0.2","","","","","","","","","","",
"East Asia & Pacific (excluding high income)","EAP","Poverty gap at $2.15 a day (2017 PPP) (%)","SI.POV.GAPS","","","","","","","","","","","","","","","","","","","","","","","","","","","","","","","","","","","","","","","","","","","","","","","","","","","","","","","","","","","","","","",
"Early-demographic dividend","EAR","Poverty gap at $2.15 a day (2017 PPP) (%)","SI.POV.GAPS","","","","","","","","","","","","","","","","","","","","","","","","","","","","","","","","","","","","","","","","","","","","","","","","","","","","","","","","","","","","","","",
"East Asia & Pacific","EAS","Poverty gap at $2.15 a day (2017 PPP) (%)","SI.POV.GAPS","","","","","","","","","","","","","","","","","","","","","","41.6","38.9","35.4","30.7","28.2","26.7","24.7","21.7","27.2","25.6","24.7","23.5","22.1","19.3","17.1","15.1","15.3","16.1","14.4","13","12.1","10.7","9.2","7.7","5.9","5.8","5","4.7","4","3.3","2.4","1.9","0.8","0.7","0.5","0.4","0.4","0.3","0.2","","",
"Europe & Central Asia (excluding high income)","ECA","Poverty gap at $2.15 a day (2017 PPP) (%)","SI.POV.GAPS","","","","","","","","","","","","","","","","","","","","","","","","","","","","","","","","","","","","","","","","","","","","","","","","","","","","","","","","","","","","","","",
"Europe & Central Asia","ECS","Poverty gap at $2.15 a day (2017 PPP) (%)","SI.POV.GAPS","","","","","","","","","","","","","","","","","","","","","","","","","","","","","","","1.2","1.3","1.8","2.1","2.7","2.8","2.9","2.9","2.8","3.4","3.3","3","2.6","2.8","2.4","2.3","2.1","1.8","1.6","1.4","1.4","1.3","1.2","1","1.1","0.9","0.9","0.8","0.7","0.7","","",
"Ecuador","ECU","Poverty gap at $2.15 a day (2017 PPP) (%)","SI.POV.GAPS","","","","","","","","","","","","","","","","","","","","","","","","","","","","","","","","","","","7.7","","","","","9.8","11.7","","","5.8","6.2","4.5","2.8","3.2","2.9","2.6","1.9","1.8","1.5","1","0.8","1.2","1.2","1.1","1","1.1","2.1","",
"Egypt, Arab Rep.","EGY","Poverty gap at $2.15 a day (2017 PPP) (%)","SI.POV.GAPS","","","","","","","","","","","","","","","","","","","","","","","","","","","","","","","0.7","","","","","0.4","","","","0.3","","","","","0.4","","","","0.4","","0.1","","0.1","","","0.1","","0.4","","","","",
"Euro area","EMU","Poverty gap at $2.15 a day (2017 PPP) (%)","SI.POV.GAPS","","","","","","","","","","","","","","","","","","","","","","","","","","","","","","","","","","","","","","","","","","","","","","","","","","","","","","","","","","","","","","",
"Eritrea","ERI","Poverty gap at $2.15 a day (2017 PPP) (%)","SI.POV.GAPS","","","","","","","","","","","","","","","","","","","","","","","","","","","","","","","","","","","","","","","","","","","","","","","","","","","","","","","","","","","","","","",
"Spain","ESP","Poverty gap at $2.15 a day (2017 PPP) (%)","SI.POV.GAPS","","","","","","","","","","","","","","","","","","","","","0.2","","","","","0","","","","","0.3","","","","","0.8","","","","","0.2","","","0.6","0.6","0.6","0.6","0.3","0.4","0.6","0.5","0.9","0.6","0.7","0.5","0.6","0.7","0.5","0.6","0.6","","",
"Estonia","EST","Poverty gap at $2.15 a day (2017 PPP) (%)","SI.POV.GAPS","","","","","","","","","","","","","","","","","","","","","","","","","","","","","","","","","","","","","","","","","","","","1.3","0.6","0.3","0.5","0.3","0.2","0.3","0.4","0.6","0.4","0.6","0.5","0.4","0.3","0.2","0.2","0.3","","",
"Ethiopia","ETH","Poverty gap at $2.15 a day (2017 PPP) (%)","SI.POV.GAPS","","","","","","","","","","","","","","","","","","","","","","","","","","","","","","","","","","","","25.3","","","","15","","","","","7.5","","","","","","8.3","","","","","7.6","","","","","","",
"European Union","EUU","Poverty gap at $2.15 a day (2017 PPP) (%)","SI.POV.GAPS","","","","","","","","","","","","","","","","","","","","","","","","","","","","","","","","","","","","","","","","","","","","","","","","","","","","","","","","","","","","","","",
"Fragile and conflict affected situations","FCS","Poverty gap at $2.15 a day (2017 PPP) (%)","SI.POV.GAPS","","","","","","","","","","","","","","","","","","","","","","","","","","","","","","","","","","25.1","25.6","25.5","24.8","24.5","23.8","23.3","","21.3","20.2","19.2","17.6","16.6","15.6","14.7","13.7","13.4","12.3","11.7","11.4","10.9","10.4","10.9","11","10.9","10.9","","","",
"Finland","FIN","Poverty gap at $2.15 a day (2017 PPP) (%)","SI.POV.GAPS","","","","","","","","","","","","","","","","","","","","","","","","","","","","0","","","","0","","","","0","","","","","0","","","0","0","0","0.1","0","0","0","0","0","0","0.1","0","0.1","0","0.1","0","0","","",
"Fiji","FJI","Poverty gap at $2.15 a day (2017 PPP) (%)","SI.POV.GAPS","","","","","","","","","","","","","","","","","","","","","","","","","","","","","","","","","","","","","","","","","","","0.3","","","","","","0.1","","","","","0.1","","","","","","0.2","","",
"France","FRA","Poverty gap at $2.15 a day (2017 PPP) (%)","SI.POV.GAPS","","","","","","","","","","","","","","","","","","","0.6","","","","","","1.1","","","","","0.8","","","","","0","","","","","","0","","","0.1","0","0","0","0","0","0","0","0","0","0","0","0.1","0.1","0","0","","","",
"Faroe Islands","FRO","Poverty gap at $2.15 a day (2017 PPP) (%)","SI.POV.GAPS","","","","","","","","","","","","","","","","","","","","","","","","","","","","","","","","","","","","","","","","","","","","","","","","","","","","","","","","","","","","","","",
"Micronesia, Fed. Sts.","FSM","Poverty gap at $2.15 a day (2017 PPP) (%)","SI.POV.GAPS","","","","","","","","","","","","","","","","","","","","","","","","","","","","","","","","","","","","","","","","","","","","","","1.9","","","","","","","","5.9","","","","","","","","",
"Gabon","GAB","Poverty gap at $2.15 a day (2017 PPP) (%)","SI.POV.GAPS","","","","","","","","","","","","","","","","","","","","","","","","","","","","","","","","","","","","","","","","","","","","","","1.2","","","","","","","","","","","","0.6","","","","",
"United Kingdom","GBR","Poverty gap at $2.15 a day (2017 PPP) (%)","SI.POV.GAPS","","","","","","","","","","0.1","","","","","0.1","","","","","0.1","","","","","","","0.5","","","","","0.1","","","0.2","0.2","0.1","0.1","0.1","0.2","0.2","0.2","0.2","0.2","0.2","0.4","0.1","0.2","0.2","0.1","0.1","0.3","0.1","0.1","0.1","0.1","0.1","0.2","","","","",
"Georgia","GEO","Poverty gap at $2.15 a day (2017 PPP) (%)","SI.POV.GAPS","","","","","","","","","","","","","","","","","","","","","","","","","","","","","","","","","","","","","1.4","6.7","6.3","7.6","8.1","7.8","3.8","4","3.8","4","3.8","4.2","3.6","3.7","4.4","4.3","3","2.1","1.6","1.2","1.2","1.6","1.5","1.1","1.5","",
"Ghana","GHA","Poverty gap at $2.15 a day (2017 PPP) (%)","SI.POV.GAPS","","","","","","","","","","","","","","","","","","","","","","","","","","","","27.4","26.9","","","31.7","","","","","","","23.2","","","","","","","16.1","","","","","","","8.3","","","","9.4","","","","","",
"Gibraltar","GIB","Poverty gap at $2.15 a day (2017 PPP) (%)","SI.POV.GAPS","","","","","","","","","","","","","","","","","","","","","","","","","","","","","","","","","","","","","","","","","","","","","","","","","","","","","","","","","","","","","","",
"Guinea","GIN","Poverty gap at $2.15 a day (2017 PPP) (%)","SI.POV.GAPS","","","","","","","","","","","","","","","","","","","","","","","","","","","","","","","","56.6","","","14.6","","","","","","","","20.7","","","","","16.5","","","","","6.6","","","","","","3.1","","","",
"Gambia, The","GMB","Poverty gap at $2.15 a day (2017 PPP) (%)","SI.POV.GAPS","","","","","","","","","","","","","","","","","","","","","","","","","","","","","","","","","","","","","","","39.1","","","","","20.3","","","","","","","9.1","","","","","3","","","","","","",
"Guinea-Bissau","GNB","Poverty gap at $2.15 a day (2017 PPP) (%)","SI.POV.GAPS","","","","","","","","","","","","","","","","","","","","","","","","","","","","","","","","22.5","","14.6","","","","","","","","","18.4","","","","","","","","30.3","","","","","","","","4.7","","","",
"Equatorial Guinea","GNQ","Poverty gap at $2.15 a day (2017 PPP) (%)","SI.POV.GAPS","","","","","","","","","","","","","","","","","","","","","","","","","","","","","","","","","","","","","","","","","","","","","","","","","","","","","","","","","","","","","","",
"Greece","GRC","Poverty gap at $2.15 a day (2017 PPP) (%)","SI.POV.GAPS","","","","","","","","","","","","","","","","","","","","","","","","","","","","","","","","","","","","1.1","","","","","0.4","","","0.4","0.5","0.2","0.3","0.4","0.3","0.5","0.7","0.9","0.6","0.3","0.8","0.8","0.6","0.4","0.1","0.4","","",
"Grenada","GRD","Poverty gap at $2.15 a day (2017 PPP) (%)","SI.POV.GAPS","","","","","","","","","","","","","","","","","","","","","","","","","","","","","","","","","","","","","","","","","","","","","","","","","","","","","","","","","","","","","","",
"Greenland","GRL","Poverty gap at $2.15 a day (2017 PPP) (%)","SI.POV.GAPS","","","","","","","","","","","","","","","","","","","","","","","","","","","","","","","","","","","","","","","","","","","","","","","","","","","","","","","","","","","","","","",
"Guatemala","GTM","Poverty gap at $2.15 a day (2017 PPP) (%)","SI.POV.GAPS","","","","","","","","","","","","","","","","","","","","","","","","","","","24.2","","","18.1","","","","","","","","","5.3","","3.5","","","","","","3.9","","","","","","","","2.7","","","","","","","",
"Guam","GUM","Poverty gap at $2.15 a day (2017 PPP) (%)","SI.POV.GAPS","","","","","","","","","","","","","","","","","","","","","","","","","","","","","","","","","","","","","","","","","","","","","","","","","","","","","","","","","","","","","","",
"Guyana","GUY","Poverty gap at $2.15 a day (2017 PPP) (%)","SI.POV.GAPS","","","","","","","","","","","","","","","","","","","","","","","","","","","","","","","","","10.7","","","","","","5.9","","","","","","","","","","","","","","","","","","","","","","","",
"High income","HIC","Poverty gap at $2.15 a day (2017 PPP) (%)","SI.POV.GAPS","","","","","","","","","","","","","","","","","","","","","","","0.4","0.4","0.4","0.4","0.4","0.5","0.4","0.4","0.4","0.3","0.3","0.4","0.4","0.4","0.4","0.4","0.4","0.4","0.4","0.4","0.4","0.4","0.4","0.4","0.4","0.3","0.4","0.3","0.4","0.4","0.4","0.4","0.5","0.5","0.4","0.5","0.4","0.4","","",
"Hong Kong SAR, China","HKG","Poverty gap at $2.15 a day (2017 PPP) (%)","SI.POV.GAPS","","","","","","","","","","","","","","","","","","","","","","","","","","","","","","","","","","","","","","","","","","","","","","","","","","","","","","","","","","","","","","",
"Honduras","HND","Poverty gap at $2.15 a day (2017 PPP) (%)","SI.POV.GAPS","","","","","","","","","","","","","","","","","","","","","","","","","","","","","","17.7","19.3","12.2","9.7","8","9.7","10.1","12.3","7","12.3","12.1","","8.2","9.3","11.7","11.2","12.2","9.9","5.9","6","4.2","4.7","5.5","6.8","5.2","4.3","4.3","5.5","5","5.1","4.3","","",
"Heavily indebted poor countries (HIPC)","HPC","Poverty gap at $2.15 a day (2017 PPP) (%)","SI.POV.GAPS","","","","","","","","","","","","","","","","","","","","","","","","","","","","","","","","","","","","","","","","","","","","","","","","","","","","","","","","","","","","","","",
"Croatia","HRV","Poverty gap at $2.15 a day (2017 PPP) (%)","SI.POV.GAPS","","","","","","","","","","","","","","","","","","","","","","","","","","","","","","","","","","","","","","","","","","","","","","","","","","0.6","0.9","0.4","0.5","0.4","0.5","0.4","0.3","0.3","0.2","0.2","","",
"Haiti","HTI","Poverty gap at $2.15 a day (2017 PPP) (%)","SI.POV.GAPS","","","","","","","","","","","","","","","","","","","","","","","","","","","","","","","","","","","","","","","","","","","","","","","","","","","","","10.1","","","","","","","","","",
"Hungary","HUN","Poverty gap at $2.15 a day (2017 PPP) (%)","SI.POV.GAPS","","","","","","","","","","","","","","","","","","","","","","","","","","","","","","","","","","","","","","","","","","","","","0.1","0.4","0.1","0","0","0","0","0","0.2","0","0.5","0.3","0.8","0.4","0.1","0.1","","",
"IBRD only","IBD","Poverty gap at $2.15 a day (2017 PPP) (%)","SI.POV.GAPS","","","","","","","","","","","","","","","","","","","","","","","","","","","","","","","","","","","","","","","","","","","","","","","","","","","","","","","","","","","","","","",
"IDA & IBRD total","IBT","Poverty gap at $2.15 a day (2017 PPP) (%)","SI.POV.GAPS","","","","","","","","","","","","","","","","","","","","","","","","","","","","","","","","","","","","","","","","","","","","","","","","","","","","","","","","","","","","","","",
"IDA total","IDA","Poverty gap at $2.15 a day (2017 PPP) (%)","SI.POV.GAPS","","","","","","","","","","","","","","","","","","","","","","","","","","","","","","23.3","23.7","24","23.5","23.3","23.4","22.4","21.7","21.4","21.2","20.9","20.6","20","19.2","18.2","16.6","15.6","14.7","13.8","13","12.6","11.7","11.1","10.7","10.3","9.9","9.9","9.8","9.5","9.3","9.3","","",
"IDA blend","IDB","Poverty gap at $2.15 a day (2017 PPP) (%)","SI.POV.GAPS","","","","","","","","","","","","","","","","","","","","","","","","","","","","","","","","","","","","","","","","","","","","","","","","","","","","","","","","","","","","","","",
"Indonesia","IDN","Poverty gap at $2.15 a day (2017 PPP) (%)","SI.POV.GAPS","","","","","","","","","","","","","","","","","","","","","","","","","30.3","","","28.5","","","20.5","","","20.2","","","15.1","","24.6","11.8","10.7","9.2","5.3","5.4","6.3","5.3","7.5","5.7","5.3","4.3","3.5","2.9","2.3","1.8","1.5","1.4","1.2","1","0.8","0.6","0.5","0.5",
"IDA only","IDX","Poverty gap at $2.15 a day (2017 PPP) (%)","SI.POV.GAPS","","","","","","","","","","","","","","","","","","","","","","","","","","","","","","","","","","","","","","","","","","","","","","","","","","","","","","","","","","","","","","",
"Isle of Man","IMN","Poverty gap at $2.15 a day (2017 PPP) (%)","SI.POV.GAPS","","","","","","","","","","","","","","","","","","","","","","","","","","","","","","","","","","","","","","","","","","","","","","","","","","","","","","","","","","","","","","",
"India","IND","Poverty gap at $2.15 a day (2017 PPP) (%)","SI.POV.GAPS","","","","","","","","","","","","","","","","","","21.8","","","","","","17.8","","","","14.5","","","","","","12.8","","","","","","","","","","","9.8","","","","","7.5","","4.6","","","","3.7","3.6","2.5","2.2","1.8","","",
"Not classified","INX","Poverty gap at $2.15 a day (2017 PPP) (%)","SI.POV.GAPS","","","","","","","","","","","","","","","","","","","","","","","","","","","","","","","","","","","","","","","","","","","","","","","","","","","","","","","","","","","","","","",
"Ireland","IRL","Poverty gap at $2.15 a day (2017 PPP) (%)","SI.POV.GAPS","","","","","","","","","","","","","","","","","","","","","","","","","","","","0.3","","","","","","","0.1","0.1","0.1","","","","0","","0.1","0.1","0","0","0.1","0.1","0.1","0.4","0.4","0.4","0.1","0.5","0.3","0.3","0.1","0.2","0","","","",
"Iran, Islamic Rep.","IRN","Poverty gap at $2.15 a day (2017 PPP) (%)","SI.POV.GAPS","","","","","","","","","","","","","","","","","","","","","","","","","","","2.3","","","","2.2","","","","0.9","","","","0.8","","","","","","","0.2","0.2","","","0.4","","","","0.1","0.1","0.1","0.1","0.1","0.2","0.2","","",
"Iraq","IRQ","Poverty gap at $2.15 a day (2017 PPP) (%)","SI.POV.GAPS","","","","","","","","","","","","","","","","","","","","","","","","","","","","","","","","","","","","","","","","","","","","","","","0","","","","","","0","","","","","","","","","",
"Iceland","ISL","Poverty gap at $2.15 a day (2017 PPP) (%)","SI.POV.GAPS","","","","","","","","","","","","","","","","","","","","","","","","","","","","","","","","","","","","","","","","","","","","0","0.1","0","0.1","0","0","0.1","0.1","0.1","0","0","0","0","0","0","","","","",
"Israel","ISR","Poverty gap at $2.15 a day (2017 PPP) (%)","SI.POV.GAPS","","","","","","","","","","","","","","","","","","","","0","","","","","","","0.1","","","","","","0","","","","","0.2","","","","0","0.3","0.2","0.3","0.4","0.1","0.2","0.2","0.2","0.1","0.2","0.3","0.2","0.2","0.2","0.1","0.2","0.2","","","",
"Italy","ITA","Poverty gap at $2.15 a day (2017 PPP) (%)","SI.POV.GAPS","","","","","","","","","","","","","","","","","","","","","","","","","","","0.1","1","","0","","0.2","","0.8","","0.5","","","1.4","","1.1","","","0.5","0.5","0.5","0.5","0.5","0.5","0.6","0.9","0.9","0.8","1.1","0.9","1.4","1.2","1.1","1","","","",
"Jamaica","JAM","Poverty gap at $2.15 a day (2017 PPP) (%)","SI.POV.GAPS","","","","","","","","","","","","","","","","","","","","","","","","","","","","","1.3","","0.6","","","1.9","","","0.6","","","0.5","","","0.5","","0.3","","","","","","","","","","","","","","","","","",
"Jordan","JOR","Poverty gap at $2.15 a day (2017 PPP) (%)","SI.POV.GAPS","","","","","","","","","","","","","","","","","","","","","","","","","","","0","","","","","","0.1","","","","","0.1","","","","","0","","","","0","","0","","0","","","","","","","","","","","",
"Japan","JPN","Poverty gap at $2.15 a day (2017 PPP) (%)","SI.POV.GAPS","","","","","","","","","","","","","","","","","","","","","","","","","","","","","","","","","","","","","","","","","","","","","","","","","0.2","","0","","","0.2","","","","","","","","",
"Kazakhstan","KAZ","Poverty gap at $2.15 a day (2017 PPP) (%)","SI.POV.GAPS","","","","","","","","","","","","","","","","","","","","","","","","","","","","","","","","","","","","","2.2","","","","","3.3","1.9","1.3","0.6","2.1","0.2","0.1","0","0","0","0","0","0","0","0","0","0","0","","","",
"Kenya","KEN","Poverty gap at $2.15 a day (2017 PPP) (%)","SI.POV.GAPS","","","","","","","","","","","","","","","","","","","","","","","","","","","","","","","","","9.4","","8.9","","","7.2","","","","","","","","12.9","","","","","","","","","","8.6","","","","","","",
"Kyrgyz Republic","KGZ","Poverty gap at $2.15 a day (2017 PPP) (%)","SI.POV.GAPS","","","","","","","","","","","","","","","","","","","","","","","","","","","","","","","","","","","","","","","","","10.1","8.2","7.7","5.3","2.4","2.6","1.5","1.7","0.6","0.3","1","0.2","0.7","0.4","0.2","0.4","0.2","0.2","0.1","0.2","0.2","",
"Cambodia","KHM","Poverty gap at $2.15 a day (2017 PPP) (%)","SI.POV.GAPS","","","","","","","","","","","","","","","","","","","","","","","","","","","","","","","","","","","","","","","","","","","","","","","","","","","","","","","","","","","","","","",
"Kiribati","KIR","Poverty gap at $2.15 a day (2017 PPP) (%)","SI.POV.GAPS","","","","","","","","","","","","","","","","","","","","","","","","","","","","","","","","","","","","","","","","","","","","","","","3.7","","","","","","","","","","","","","0.3","","",
"St. Kitts and Nevis","KNA","Poverty gap at $2.15 a day (2017 PPP) (%)","SI.POV.GAPS","","","","","","","","","","","","","","","","","","","","","","","","","","","","","","","","","","","","","","","","","","","","","","","","","","","","","","","","","","","","","","",
"Korea, Rep.","KOR","Poverty gap at $2.15 a day (2017 PPP) (%)","SI.POV.GAPS","","","","","","","","","","","","","","","","","","","","","","","","","","","","","","","","","","","","","","","","","","","","","","","0.2","","0.2","","0.2","","0.1","","0.1","","0.1","","","","","",
"Kuwait","KWT","Poverty gap at $2.15 a day (2017 PPP) (%)","SI.POV.GAPS","","","","","","","","","","","","","","","","","","","","","","","","","","","","","","","","","","","","","","","","","","","","","","","","","","","","","","","","","","","","","","",
"Latin America & Caribbean (excluding high income)","LAC","Poverty gap at $2.15 a day (2017 PPP) (%)","SI.POV.GAPS","","","","","","","","","","","","","","","","","","","","","","","","","","","","","","","","","","","","","","","","","","","","","","","","","","","","","","","","","","","","","","",
"Lao PDR","LAO","Poverty gap at $2.15 a day (2017 PPP) (%)","SI.POV.GAPS","","","","","","","","","","","","","","","","","","","","","","","","","","","","","","","","","5","","","","","11.9","","","","","5.4","","","","","4.3","","","","","2.1","","","","","","1.2","","","",
"Lebanon","LBN","Poverty gap at $2.15 a day (2017 PPP) (%)","SI.POV.GAPS","","","","","","","","","","","","","","","","","","","","","","","","","","","","","","","","","","","","","","","","","","","","","","","","","","","","0","","","","","","","","","","",
"Liberia","LBR","Poverty gap at $2.15 a day (2017 PPP) (%)","SI.POV.GAPS","","","","","","","","","","","","","","","","","","","","","","","","","","","","","","","","","","","","","","","","","","","","","","","","19.6","","","","","","","6.4","","7.5","","","","","",
"Libya","LBY","Poverty gap at $2.15 a day (2017 PPP) (%)","SI.POV.GAPS","","","","","","","","","","","","","","","","","","","","","","","","","","","","","","","","","","","","","","","","","","","","","","","","","","","","","","","","","","","","","","",
"St. Lucia","LCA","Poverty gap at $2.15 a day (2017 PPP) (%)","SI.POV.GAPS","","","","","","","","","","","","","","","","","","","","","","","","","","","","","","","","","","","","14.3","","","","","","","","","","","","","","","","","","","","","2.8","","","","","",
"Latin America & Caribbean","LCN","Poverty gap at $2.15 a day (2017 PPP) (%)","SI.POV.GAPS","","","","","","","","","","","","","","","","","","","","","","6.1","6.4","7.6","7.4","6.9","5","6.2","7","6.8","7.2","6.8","6.9","6.8","6.3","6.2","7.2","6.8","6.4","6.4","5.9","5.6","5","4.9","4.3","4.2","3.4","3.3","3","2.8","2.6","2.4","1.9","1.6","1.5","1.4","1.5","1.5","1.5","1.5","","",
"Least developed countries: UN classification","LDC","Poverty gap at $2.15 a day (2017 PPP) (%)","SI.POV.GAPS","","","","","","","","","","","","","","","","","","","","","","","","","","","","","","","","","","","","","","","","","","","","","","","","","","","","","","","","","","","","","","",
"Low income","LIC","Poverty gap at $2.15 a day (2017 PPP) (%)","SI.POV.GAPS","","","","","","","","","","","","","","","","","","","","","","","","","","","","","","","","","","","31.3","30.2","29","28.7","28","27.4","27.5","27","26.9","25.9","24.5","23.5","22.8","21.7","20.3","20.7","19.5","18.6","18.3","17.7","17.1","17.4","17.3","17.2","17","","","",
"Liechtenstein","LIE","Poverty gap at $2.15 a day (2017 PPP) (%)","SI.POV.GAPS","","","","","","","","","","","","","","","","","","","","","","","","","","","","","","","","","","","","","","","","","","","","","","","","","","","","","","","","","","","","","","",
"Sri Lanka","LKA","Poverty gap at $2.15 a day (2017 PPP) (%)","SI.POV.GAPS","","","","","","","","","","","","","","","","","","","","","","","","","","3.5","","","","","2.1","","","","","2.2","","","","","","","2","","","","0.9","","","0.6","","","0.4","","","","0.2","","","","","",
"Lower middle income","LMC","Poverty gap at $2.15 a day (2017 PPP) (%)","SI.POV.GAPS","","","","","","","","","","","","","","","","","","","","","","18.8","18.6","18","17.3","16.8","16.5","16.2","15.7","15.4","14.8","14.5","14.1","13.8","13.5","12.9","12.3","12.3","12.8","11.5","","10.8","10","9.6","9","8.3","8","7.3","6.9","6.4","5.6","4.8","4.3","4","3.8","3.6","3.5","3","2.7","2.4","","",
"Low & middle income","LMY","Poverty gap at $2.15 a day (2017 PPP) (%)","SI.POV.GAPS","","","","","","","","","","","","","","","","","","","","","","24.4","23.4","22","20","18.7","17.8","17","15.8","17.8","17.3","17","16.4","15.8","14.8","13.7","12.9","12.9","13.1","12.4","11.8","11.3","10.6","9.8","8.9","7.9","7.5","7","6.6","6.2","5.5","4.8","4.4","3.9","3.7","3.6","3.6","3.3","3.2","3.1","","",
"Lesotho","LSO","Poverty gap at $2.15 a day (2017 PPP) (%)","SI.POV.GAPS","","","","","","","","","","","","","","","","","","","","","","","","","","","27.3","","","","","","","","31.2","","","","","","","","36","","","","","","","","","","","","","","","11.6","","","","",
"Late-demographic dividend","LTE","Poverty gap at $2.15 a day (2017 PPP) (%)","SI.POV.GAPS","","","","","","","","","","","","","","","","","","","","","","","","","","","","","","","","","","","","","","","","","","","","","","","","","","","","","","","","","","","","","","",
"Lithuania","LTU","Poverty gap at $2.15 a day (2017 PPP) (%)","SI.POV.GAPS","","","","","","","","","","","","","","","","","","","","","","","","","","","","","","","","","","","","","","","","","","","","","1.3","0.9","0.7","0.8","0.9","1.2","1","0.5","0.7","0.5","0.7","0.5","0.7","0.8","0.5","0.4","","",
"Luxembourg","LUX","Poverty gap at $2.15 a day (2017 PPP) (%)","SI.POV.GAPS","","","","","","","","","","","","","","","","","","","","","","","","","","0","","","","","","0","","","0","","","0","","","0","","","0","0","0","0","0","0","0","0","0.1","0","0.1","0.1","0.2","0.1","0.2","0.1","0.1","","",
"Latvia","LVA","Poverty gap at $2.15 a day (2017 PPP) (%)","SI.POV.GAPS","","","","","","","","","","","","","","","","","","","","","","","","","","","","","","","","","","","","","","","","","","","","","1.3","1.2","0.8","0.4","0.6","1","0.8","0.5","0.5","0.6","0.4","0.4","0.3","0.3","0.2","0.2","","",
"Macao SAR, China","MAC","Poverty gap at $2.15 a day (2017 PPP) (%)","SI.POV.GAPS","","","","","","","","","","","","","","","","","","","","","","","","","","","","","","","","","","","","","","","","","","","","","","","","","","","","","","","","","","","","","","",
"St. Martin (French part)","MAF","Poverty gap at $2.15 a day (2017 PPP) (%)","SI.POV.GAPS","","","","","","","","","","","","","","","","","","","","","","","","","","","","","","","","","","","","","","","","","","","","","","","","","","","","","","","","","","","","","","",
"Morocco","MAR","Poverty gap at $2.15 a day (2017 PPP) (%)","SI.POV.GAPS","","","","","","","","","","","","","","","","","","","","","","","","","3","","","","","","0.7","","","","","","","","1.9","","1.7","","","","","","0.8","","","","","","","0.3","","","","","","","","",
"Monaco","MCO","Poverty gap at $2.15 a day (2017 PPP) (%)","SI.POV.GAPS","","","","","","","","","","","","","","","","","","","","","","","","","","","","","","","","","","","","","","","","","","","","","","","","","","","","","","","","","","","","","","",
"Moldova","MDA","Poverty gap at $2.15 a day (2017 PPP) (%)","SI.POV.GAPS","","","","","","","","","","","","","","","","","","","","","","","","","","","","","","","","","","","","","","3.9","7.6","10.6","9.2","6.5","3","1","1.4","2.6","0.5","0.2","0.2","0.1","0.1","0","0","0","0","0","0","0","0","0","","",
"Madagascar","MDG","Poverty gap at $2.15 a day (2017 PPP) (%)","SI.POV.GAPS","","","","","","","","","","","","","","","","","","","","","19.5","","","","","","","","","","","","","33.1","","","","30.8","","29.7","","36.1","","","","32.9","","","","","40.3","","42.6","","","","","","","","","",
"Maldives","MDV","Poverty gap at $2.15 a day (2017 PPP) (%)","SI.POV.GAPS","","","","","","","","","","","","","","","","","","","","","","","","","","","","","","","","","","","","","","","","","","","1.5","","","","","","","0.8","","","","","","","0","","","0","","",
"Middle East & North Africa","MEA","Poverty gap at $2.15 a day (2017 PPP) (%)","SI.POV.GAPS","","","","","","","","","","","","","","","","","","","","","","","","","","1.4","1.4","1.6","1.6","1.5","1.2","1.3","1","1","0.9","1","0.9","0.9","0.8","0.8","0.7","0.7","","0.6","0.5","0.5","0.5","0.5","0.5","0.4","0.4","0.5","0.5","0.5","0.6","1.3","1.6","1.8","2.3","","","",
"Mexico","MEX","Poverty gap at $2.15 a day (2017 PPP) (%)","SI.POV.GAPS","","","","","","","","","","","","","","","","","","","","","","","","","","","","","","3.3","","","2","","2.3","","7.2","","4.3","","2.8","","2","","2","2.1","1.2","","1.7","","1.6","","1.2","","1.1","","0.9","","0.7","","1","",
"Marshall Islands","MHL","Poverty gap at $2.15 a day (2017 PPP) (%)","SI.POV.GAPS","","","","","","","","","","","","","","","","","","","","","","","","","","","","","","","","","","","","","","","","","","","","","","","","","","","","","","","","","","","","0.2","","",
"Middle income","MIC","Poverty gap at $2.15 a day (2017 PPP) (%)","SI.POV.GAPS","","","","","","","","","","","","","","","","","","","","","","","","","","","","","","","","","","","","","","","","","","","","","","","","","","","","","","","","","","","","","","",
"North Macedonia","MKD","Poverty gap at $2.15 a day (2017 PPP) (%)","SI.POV.GAPS","","","","","","","","","","","","","","","","","","","","","","","","","","","","","","","","","","","","","","","","","","","","","","","","","","4.3","6","4.2","2.9","1.9","2","2.2","1.7","1.8","1.2","","","",
"Mali","MLI","Poverty gap at $2.15 a day (2017 PPP) (%)","SI.POV.GAPS","","","","","","","","","","","","","","","","","","","","","","","","","","","","","","","","","","","51.4","","","","","","","22.4","","","","","17.1","","","14.7","","","","","","","","","3","","","",
"Malta","MLT","Poverty gap at $2.15 a day (2017 PPP) (%)","SI.POV.GAPS","","","","","","","","","","","","","","","","","","","","","","","","","","","","","","","","","","","","","","","","","","","","","","","0.2","0.2","0.1","0.2","0.1","0.1","0","0","0","0.1","0.1","0.1","0.1","0.1","","",
"Myanmar","MMR","Poverty gap at $2.15 a day (2017 PPP) (%)","SI.POV.GAPS","","","","","","","","","","","","","","","","","","","","","","","","","","","","","","","","","","","","","","","","","","","","","","","","","","","","","","","","1.4","","0.3","","","","",
"Middle East & North Africa (excluding high income)","MNA","Poverty gap at $2.15 a day (2017 PPP) (%)","SI.POV.GAPS","","","","","","","","","","","","","","","","","","","","","","","","","","","","","","","","","","","","","","","","","","","","","","","","","","","","","","","","","","","","","","",
"Montenegro","MNE","Poverty gap at $2.15 a day (2017 PPP) (%)","SI.POV.GAPS","","","","","","","","","","","","","","","","","","","","","","","","","","","","","","","","","","","","","","","","","","","","","","","","","","","","","1.2","1","0.4","0.2","1.5","1.7","1","","","",
"Mongolia","MNG","Poverty gap at $2.15 a day (2017 PPP) (%)","SI.POV.GAPS","","","","","","","","","","","","","","","","","","","","","","","","","","","","","","","","","","","","3.4","","","8.6","","","","2.7","","","","","0.3","","","0.2","0.1","0.1","","0","","0.1","","0.1","","","",
"Northern Mariana Islands","MNP","Poverty gap at $2.15 a day (2017 PPP) (%)","SI.POV.GAPS","","","","","","","","","","","","","","","","","","","","","","","","","","","","","","","","","","","","","","","","","","","","","","","","","","","","","","","","","","","","","","",
"Mozambique","MOZ","Poverty gap at $2.15 a day (2017 PPP) (%)","SI.POV.GAPS","","","","","","","","","","","","","","","","","","","","","","","","","","","","","","","","","","","","","49.9","","","","","","41.8","","","","","","33","","","","","","29.4","","","","","","","",
"Mauritania","MRT","Poverty gap at $2.15 a day (2017 PPP) (%)","SI.POV.GAPS","","","","","","","","","","","","","","","","","","","","","","","","","","","","18","","","","","","14.5","","6.6","","","","","6","","","","4.7","","","","3","","","","","","1.6","","","","","","","",
"Mauritius","MUS","Poverty gap at $2.15 a day (2017 PPP) (%)","SI.POV.GAPS","","","","","","","","","","","","","","","","","","","","","","","","","","","","","","","","","","","","","","","","","","","","","","","0.1","","","","","","0.1","","","","","0","","","","",
"Malawi","MWI","Poverty gap at $2.15 a day (2017 PPP) (%)","SI.POV.GAPS","","","","","","","","","","","","","","","","","","","","","","","","","","","","","","","","","","","","","","21.4","","","","","","","27.9","","","","","","30.7","","","","","","26","","","29.3","","",
"Malaysia","MYS","Poverty gap at $2.15 a day (2017 PPP) (%)","SI.POV.GAPS","","","","","","","","","","","","","","","","","","","","","","","","","0.7","","","0.4","","0.3","","","0.2","","","0.3","","0.1","","","","","","0.3","","","0.2","","0.1","","","0","","0","","0","","","","","","",
"North America","NAC","Poverty gap at $2.15 a day (2017 PPP) (%)","SI.POV.GAPS","","","","","","","","","","","","","","","","","","","","","","","","","","","","","","","","","","","","","","","","","","","","","","","","","","","","","","","","","","","","","","",
"Namibia","NAM","Poverty gap at $2.15 a day (2017 PPP) (%)","SI.POV.GAPS","","","","","","","","","","","","","","","","","","","","","","","","","","","","","","","","","","","","","","","","","","","","12.2","","","","","","8.2","","","","","","5.4","","","","","","",
"New Caledonia","NCL","Poverty gap at $2.15 a day (2017 PPP) (%)","SI.POV.GAPS","","","","","","","","","","","","","","","","","","","","","","","","","","","","","","","","","","","","","","","","","","","","","","","","","","","","","","","","","","","","","","",
"Niger","NER","Poverty gap at $2.15 a day (2017 PPP) (%)","SI.POV.GAPS","","","","","","","","","","","","","","","","","","","","","","","","","","","","","","","","","40.3","","48.3","","","","","","","","","","","40.9","","34.7","","","","19.2","","","18.1","","","","15.6","","","",
"Nigeria","NGA","Poverty gap at $2.15 a day (2017 PPP) (%)","SI.POV.GAPS","","","","","","","","","","","","","","","","","","","","","","","","","","18.4","","","","","","","24.4","","","","27.9","","","","","","","18.8","","","","","","","10.3","","9.9","","","9.4","","","9","","","",
"Nicaragua","NIC","Poverty gap at $2.15 a day (2017 PPP) (%)","SI.POV.GAPS","","","","","","","","","","","","","","","","","","","","","","","","","","","","","","","","","","19","","","","","11.2","","","6.1","","","","2.5","","","","2.2","","","","","0.9","","","","","","","",
"Netherlands","NLD","Poverty gap at $2.15 a day (2017 PPP) (%)","SI.POV.GAPS","","","","","","","","","","","","","","","","","","","","","","","","0.4","","","","0.2","","","0.6","","","0.7","","","","","","0.2","","","","","0.1","0.1","0","0","0.1","0.1","0","0.1","0","0","0","0","0","0.1","0.1","0","","",
"Norway","NOR","Poverty gap at $2.15 a day (2017 PPP) (%)","SI.POV.GAPS","","","","","","","","","","","","","","","","","","","","0.2","","","","","","","0","","","","","0.2","","","","0.2","","","","","0.2","","","0.1","0.2","0.2","0.1","0.1","0.1","0","0.1","0.1","0.1","0.1","0.1","0.1","0.2","0.2","0.2","0.1","","",
"Nepal","NPL","Poverty gap at $2.15 a day (2017 PPP) (%)","SI.POV.GAPS","","","","","","","","","","","","","","","","","","","","","","","","","","","","","","","","","","","","17.4","","","","","","","","11.5","","","","","","","1.6","","","","","","","","","","","",
"Nauru","NRU","Poverty gap at $2.15 a day (2017 PPP) (%)","SI.POV.GAPS","","","","","","","","","","","","","","","","","","","","","","","","","","","","","","","","","","","","","","","","","","","","","","","","","","","","","0.2","","","","","","","","","",
"New Zealand","NZL","Poverty gap at $2.15 a day (2017 PPP) (%)","SI.POV.GAPS","","","","","","","","","","","","","","","","","","","","","","","","","","","","","","","","","","","","","","","","","","","","","","","","","","","","","","","","","","","","","","",
"OECD members","OED","Poverty gap at $2.15 a day (2017 PPP) (%)","SI.POV.GAPS","","","","","","","","","","","","","","","","","","","","","","","","","","","","","","","","","","","","","","","","","","","","","","","","","","","","","","","","","","","","","","",
"Oman","OMN","Poverty gap at $2.15 a day (2017 PPP) (%)","SI.POV.GAPS","","","","","","","","","","","","","","","","","","","","","","","","","","","","","","","","","","","","","","","","","","","","","","","","","","","","","","","","","","","","","","",
"Other small states","OSS","Poverty gap at $2.15 a day (2017 PPP) (%)","SI.POV.GAPS","","","","","","","","","","","","","","","","","","","","","","","","","","","","","","","","","","","","","","","","","","","","","","","","","","","","","","","","","","","","","","",
"Pakistan","PAK","Poverty gap at $2.15 a day (2017 PPP) (%)","SI.POV.GAPS","","","","","","","","","","","","","","","","","","","","","","","","","","","","24","","","23.2","","","","","","3.9","","6.4","","","6.8","","","3.9","3.5","","2.3","","","1.3","1.3","","1.1","","0.7","","","0.6","","","",
"Panama","PAN","Poverty gap at $2.15 a day (2017 PPP) (%)","SI.POV.GAPS","","","","","","","","","","","","","","","","","","","","1.1","","","","","","","","","","15.6","","13.2","","","","10.5","","8.7","9.4","8","6","7.2","3.8","4","3.4","3.2","3.9","2.2","1.1","0.6","1","0.7","1.1","0.6","0.9","0.4","0.4","0.8","0.4","0.4","","",
"Peru","PER","Poverty gap at $2.15 a day (2017 PPP) (%)","SI.POV.GAPS","","","","","","","","","","","","","","","","","","","","","","","","","","","","","","","","","","","","","","8.2","7.8","8.1","7.3","7.7","6.7","4.8","5.6","6.6","5.7","4.6","3.6","2.8","2.1","1.9","1.8","1.6","1.3","1.3","1.3","1.2","0.9","0.8","1.8","",
"Philippines","PHL","Poverty gap at $2.15 a day (2017 PPP) (%)","SI.POV.GAPS","","","","","","","","","","","","","","","","","","","","","","","","","","","","","","","","","","","","","","","","","3.3","","","3.3","","","3.6","","","2.5","","","2.4","","","1.3","","","0.5","","","",
"Palau","PLW","Poverty gap at $2.15 a day (2017 PPP) (%)","SI.POV.GAPS","","","","","","","","","","","","","","","","","","","","","","","","","","","","","","","","","","","","","","","","","","","","","","","","","","","","","","","","","","","","","","",
"Papua New Guinea","PNG","Poverty gap at $2.15 a day (2017 PPP) (%)","SI.POV.GAPS","","","","","","","","","","","","","","","","","","","","","","","","","","","","","","","","","","","","","22.4","","","","","","","","","","","","","15.7","","","","","","","","","","","","",
"Poland","POL","Poverty gap at $2.15 a day (2017 PPP) (%)","SI.POV.GAPS","","","","","","","","","","","","","","","","","","","","","","","","","","","","","","","","","","","","","","","","","","","","","1","0.4","0.3","0.3","0.1","0.1","0.1","0.1","0.1","0.2","0.2","0.2","0.1","0.2","0.1","","","",
"Pre-demographic dividend","PRE","Poverty gap at $2.15 a day (2017 PPP) (%)","SI.POV.GAPS","","","","","","","","","","","","","","","","","","","","","","","","","","","","","","","","","","","","","","","","","","","","","","","","","","","","","","","","","","","","","","",
"Puerto Rico","PRI","Poverty gap at $2.15 a day (2017 PPP) (%)","SI.POV.GAPS","","","","","","","","","","","","","","","","","","","","","","","","","","","","","","","","","","","","","","","","","","","","","","","","","","","","","","","","","","","","","","",
"Korea, Dem. People's Rep.","PRK","Poverty gap at $2.15 a day (2017 PPP) (%)","SI.POV.GAPS","","","","","","","","","","","","","","","","","","","","","","","","","","","","","","","","","","","","","","","","","","","","","","","","","","","","","","","","","","","","","","",
"Portugal","PRT","Poverty gap at $2.15 a day (2017 PPP) (%)","SI.POV.GAPS","","","","","","","","","","","","","","","","","","","","","","","","","","","","","","","","","","","","","","","","","","","","0.5","0.3","0.3","0","0.1","0.1","0.1","0.1","0.2","0.4","0.4","0.2","0.3","0.2","0.2","0.2","0.1","","",
"Paraguay","PRY","Poverty gap at $2.15 a day (2017 PPP) (%)","SI.POV.GAPS","","","","","","","","","","","","","","","","","","","","","","","","","","","","","","","0.3","","","","","5.3","","4.5","","4.1","","3.3","5","2.7","1.7","2","2.4","2.4","1.3","1.7","1.7","1.6","0.9","0.6","0.6","0.4","0.3","0.2","0.3","0.2","0.2","",
"West Bank and Gaza","PSE","Poverty gap at $2.15 a day (2017 PPP) (%)","SI.POV.GAPS","","","","","","","","","","","","","","","","","","","","","","","","","","","","","","","","","","","","","","","","","","","","","0.1","0","0","0.2","","0","0","0.1","","","","","0.1","","","","","",
"Pacific island small states","PSS","Poverty gap at $2.15 a day (2017 PPP) (%)","SI.POV.GAPS","","","","","","","","","","","","","","","","","","","","","","","","","","","","","","","","","","","","","","","","","","","","","","","","","","","","","","","","","","","","","","",
"Post-demographic dividend","PST","Poverty gap at $2.15 a day (2017 PPP) (%)","SI.POV.GAPS","","","","","","","","","","","","","","","","","","","","","","","","","","","","","","","","","","","","","","","","","","","","","","","","","","","","","","","","","","","","","","",
"French Polynesia","PYF","Poverty gap at $2.15 a day (2017 PPP) (%)","SI.POV.GAPS","","","","","","","","","","","","","","","","","","","","","","","","","","","","","","","","","","","","","","","","","","","","","","","","","","","","","","","","","","","","","","",
"Qatar","QAT","Poverty gap at $2.15 a day (2017 PPP) (%)","SI.POV.GAPS","","","","","","","","","","","","","","","","","","","","","","","","","","","","","","","","","","","","","","","","","","","","","","","","","","","","","","","","","","","","","","",
"Romania","ROU","Poverty gap at $2.15 a day (2017 PPP) (%)","SI.POV.GAPS","","","","","","","","","","","","","","","","","","","","","","","","","","","","","","","","","","","","","","","","","","","","","","","2.6","1.7","1.4","0.8","1.5","2","2.2","2.3","2.5","1.7","1.1","1.3","0.9","0.8","","",
"Russian Federation","RUS","Poverty gap at $2.15 a day (2017 PPP) (%)","SI.POV.GAPS","","","","","","","","","","","","","","","","","","","","","","","","","","","","","","","","","","","","","","0.4","0.5","1.1","0.7","0.4","0.2","0.2","0.2","0.2","0.1","0","0","0","0","0","0","0","0","0","0","0","0","0","0","",
"Rwanda","RWA","Poverty gap at $2.15 a day (2017 PPP) (%)","SI.POV.GAPS","","","","","","","","","","","","","","","","","","","","","","","","","","","","","","","","","","","","","","","","","36","","","","","29.3","","","","","22.8","","","18.7","","","18.3","","","","","",
"South Asia","SAS","Poverty gap at $2.15 a day (2017 PPP) (%)","SI.POV.GAPS","","","","","","","","","","","","","","","","","","","","","","19.4","19","18.1","17.2","16.4","15.9","15.4","14.7","14.4","14.3","13.8","12.9","12.4","12","11.3","10.8","","","","","","9.8","9.4","8.9","8.3","7.8","7.3","6.9","6.5","5.7","4.4","3.9","3.7","3.5","3.3","3.1","2.4","1.9","1.5","","",
"Saudi Arabia","SAU","Poverty gap at $2.15 a day (2017 PPP) (%)","SI.POV.GAPS","","","","","","","","","","","","","","","","","","","","","","","","","","","","","","","","","","","","","","","","","","","","","","","","","","","","","","","","","","","","","","",
"Sudan","SDN","Poverty gap at $2.15 a day (2017 PPP) (%)","SI.POV.GAPS","","","","","","","","","","","","","","","","","","","","","","","","","","","","","","","","","","","","","","","","","","","","","","","","","","5.2","","","","","3.6","","","","","","","",
"Senegal","SEN","Poverty gap at $2.15 a day (2017 PPP) (%)","SI.POV.GAPS","","","","","","","","","","","","","","","","","","","","","","","","","","","","","","","","37.9","","","23.1","","","","","","","18.2","","","","13.9","","","","","","14.3","","","","","","","1.8","","","",
"Singapore","SGP","Poverty gap at $2.15 a day (2017 PPP) (%)","SI.POV.GAPS","","","","","","","","","","","","","","","","","","","","","","","","","","","","","","","","","","","","","","","","","","","","","","","","","","","","","","","","","","","","","","",
"Solomon Islands","SLB","Poverty gap at $2.15 a day (2017 PPP) (%)","SI.POV.GAPS","","","","","","","","","","","","","","","","","","","","","","","","","","","","","","","","","","","","","","","","","","","","","","20.1","","","","","","","7.3","","","","","","","","","",
"Sierra Leone","SLE","Poverty gap at $2.15 a day (2017 PPP) (%)","SI.POV.GAPS","","","","","","","","","","","","","","","","","","","","","","","","","","","","","","48","","","","","","","","","","","","","","23.9","","","","","","","","10.6","","","","","","","6","","","",
"El Salvador","SLV","Poverty gap at $2.15 a day (2017 PPP) (%)","SI.POV.GAPS","","","","","","","","","","","","","","","","","","","","","","","","","","","","","","11.2","","10.8","","","","5.7","6.3","","11.6","9.3","5.4","6.3","6.6","8","5.2","4.3","2.2","1.3","2","2","1.6","1.3","1.1","0.9","0.8","0.5","0.6","0.5","0.4","0.3","","",
"San Marino","SMR","Poverty gap at $2.15 a day (2017 PPP) (%)","SI.POV.GAPS","","","","","","","","","","","","","","","","","","","","","","","","","","","","","","","","","","","","","","","","","","","","","","","","","","","","","","","","","","","","","","",
"Somalia","SOM","Poverty gap at $2.15 a day (2017 PPP) (%)","SI.POV.GAPS","","","","","","","","","","","","","","","","","","","","","","","","","","","","","","","","","","","","","","","","","","","","","","","","","","","","","","","","","","30.6","","","","",
"Serbia","SRB","Poverty gap at $2.15 a day (2017 PPP) (%)","SI.POV.GAPS","","","","","","","","","","","","","","","","","","","","","","","","","","","","","","","","","","","","","","","","","","","","","","","","","","","","","2.9","3.2","4.3","4","4.2","3.3","1.5","1.2","","",
"Sub-Saharan Africa (excluding high income)","SSA","Poverty gap at $2.15 a day (2017 PPP) (%)","SI.POV.GAPS","","","","","","","","","","","","","","","","","","","","","","","","","","","","","","","","","","","","","","","","","","","","","","","","","","","","","","","","","","","","","","",
"South Sudan","SSD","Poverty gap at $2.15 a day (2017 PPP) (%)","SI.POV.GAPS","","","","","","","","","","","","","","","","","","","","","","","","","","","","","","","","","","","","","","","","","","","","","","","","","","14.6","","","","","","","32","","","","","",
"Sub-Saharan Africa","SSF","Poverty gap at $2.15 a day (2017 PPP) (%)","SI.POV.GAPS","","","","","","","","","","","","","","","","","","","","","","","","","","","","","","","23.7","24.9","25.9","26.6","27.2","26.8","26","25.8","25.5","25.3","25.2","24.6","23.6","22.7","21.2","20.1","19.2","18.3","17.2","17","15.9","15.1","14.8","14.3","13.7","13.7","13.5","13.2","12.8","12.6","","",
"Small states","SST","Poverty gap at $2.15 a day (2017 PPP) (%)","SI.POV.GAPS","","","","","","","","","","","","","","","","","","","","","","","","","","","","","","","","","","","","","","","","","","","","","","","","","","","","","","","","","","","","","","",
"Sao Tome and Principe","STP","Poverty gap at $2.15 a day (2017 PPP) (%)","SI.POV.GAPS","","","","","","","","","","","","","","","","","","","","","","","","","","","","","","","","","","","","","","","","","4.7","","","","","","","","","","5.1","","","","","","","3.9","","","","",
"Suriname","SUR","Poverty gap at $2.15 a day (2017 PPP) (%)","SI.POV.GAPS","","","","","","","","","","","","","","","","","","","","","","","","","","","","","","","","","","","","","","","","13.9","","","","","","","","","","","","","","","","","","","","","","",
"Slovak Republic","SVK","Poverty gap at $2.15 a day (2017 PPP) (%)","SI.POV.GAPS","","","","","","","","","","","","","","","","","","","","","","","","","","","","","","","","","","","","","","","","","","","","","0","0.1","0.1","0.2","0.2","0.2","0.3","0.2","0.2","0.2","0.5","0.3","1.2","0.1","0.1","0","","",
"Slovenia","SVN","Poverty gap at $2.15 a day (2017 PPP) (%)","SI.POV.GAPS","","","","","","","","","","","","","","","","","","","","","","","","","","","","","","","","","","","","","","","","","","","","","0","0.1","0","0","0","0","0","0","0","0","0","0","0","0","0","0","","",
"Sweden","SWE","Poverty gap at $2.15 a day (2017 PPP) (%)","SI.POV.GAPS","","","","","","","","7","","","","","","","","0.3","","","","","","0.2","","","","","","0.1","","","","","0","","","0.1","","","","","0","","","0.2","0.3","0.8","0.3","0.3","0.5","0.3","0.4","0.4","0.4","0.5","0.3","0.3","0.2","0.1","0.6","0.2","","",
"Eswatini","SWZ","Poverty gap at $2.15 a day (2017 PPP) (%)","SI.POV.GAPS","","","","","","","","","","","","","","","","","","","","","","","","","","","","","","","","","","","55.8","","","","","","22.5","","","","","","","","","20.9","","","","","","","12.8","","","","","",
"Sint Maarten (Dutch part)","SXM","Poverty gap at $2.15 a day (2017 PPP) (%)","SI.POV.GAPS","","","","","","","","","","","","","","","","","","","","","","","","","","","","","","","","","","","","","","","","","","","","","","","","","","","","","","","","","","","","","","",
"Seychelles","SYC","Poverty gap at $2.15 a day (2017 PPP) (%)","SI.POV.GAPS","","","","","","","","","","","","","","","","","","","","","","","","","","","","","","","","","","","","","","","","","","","","","","","","","","","","","","0.5","","","","","0.1","","","",
"Syrian Arab Republic","SYR","Poverty gap at $2.15 a day (2017 PPP) (%)","SI.POV.GAPS","","","","","","","","","","","","","","","","","","","","","","","","","","","","","","","","","","","","","0.4","","","","","","","0.2","","","","","","","","","","","","","","","","","","",
"Turks and Caicos Islands","TCA","Poverty gap at $2.15 a day (2017 PPP) (%)","SI.POV.GAPS","","","","","","","","","","","","","","","","","","","","","","","","","","","","","","","","","","","","","","","","","","","","","","","","","","","","","","","","","","","","","","",
"Chad","TCD","Poverty gap at $2.15 a day (2017 PPP) (%)","SI.POV.GAPS","","","","","","","","","","","","","","","","","","","","","","","","","","","","","","","","","","","","","","","","","","","","23.2","","","","","","","","14.3","","","","","","","8.4","","","",
"East Asia & Pacific (IDA & IBRD countries)","TEA","Poverty gap at $2.15 a day (2017 PPP) (%)","SI.POV.GAPS","","","","","","","","","","","","","","","","","","","","","","","","","","","","","","","","","","","","","","","","","","","","","","","","","","","","","","","","","","","","","","",
"Europe & Central Asia (IDA & IBRD countries)","TEC","Poverty gap at $2.15 a day (2017 PPP) (%)","SI.POV.GAPS","","","","","","","","","","","","","","","","","","","","","","","","","","","","","","","","","","","","","","","","","","","","","","","","","","","","","","","","","","","","","","",
"Togo","TGO","Poverty gap at $2.15 a day (2017 PPP) (%)","SI.POV.GAPS","","","","","","","","","","","","","","","","","","","","","","","","","","","","","","","","","","","","","","","","","","","","","","","24.9","","","","","26.7","","","","23.5","","","8.5","","","",
"Thailand","THA","Poverty gap at $2.15 a day (2017 PPP) (%)","SI.POV.GAPS","","","","","","","","","","","","","","","","","","","","","","5.8","","","","","","","3.7","","2.5","","1.7","","0.8","","0.5","","0.4","0.6","0.6","","0.3","","0.2","","0.2","0.1","0","0","0","0","0","0","0","0","0","0","0","0","0","",
"Tajikistan","TJK","Poverty gap at $2.15 a day (2017 PPP) (%)","SI.POV.GAPS","","","","","","","","","","","","","","","","","","","","","","","","","","","","","","","","","","","","","","","","21.2","","","","10.5","5","","","4.5","","1.4","","","","","","1.4","","","","","","",
"Turkmenistan","TKM","Poverty gap at $2.15 a day (2017 PPP) (%)","SI.POV.GAPS","","","","","","","","","","","","","","","","","","","","","","","","","","","","","","","","","","","","","","","14.7","","","","","","","","","","","","","","","","","","","","","","","",
"Latin America & the Caribbean (IDA & IBRD countries)","TLA","Poverty gap at $2.15 a day (2017 PPP) (%)","SI.POV.GAPS","","","","","","","","","","","","","","","","","","","","","","","","","","","","","","","","","","","","","","","","","","","","","","","","","","","","","","","","","","","","","","",
"Timor-Leste","TLS","Poverty gap at $2.15 a day (2017 PPP) (%)","SI.POV.GAPS","","","","","","","","","","","","","","","","","","","","","","","","","","","","","","","","","","","","","","","","","","5.4","","","","","","3.2","","","","","","","1.3","","","","","","","",
"Middle East & North Africa (IDA & IBRD countries)","TMN","Poverty gap at $2.15 a day (2017 PPP) (%)","SI.POV.GAPS","","","","","","","","","","","","","","","","","","","","","","","","","","","","","","","","","","","","","","","","","","","","","","","","","","","","","","","","","","","","","","",
"Tonga","TON","Poverty gap at $2.15 a day (2017 PPP) (%)","SI.POV.GAPS","","","","","","","","","","","","","","","","","","","","","","","","","","","","","","","","","","","","","","","","","0.7","","","","","","","","","0.3","","","","","","0.2","","","","","","",
"South Asia (IDA & IBRD)","TSA","Poverty gap at $2.15 a day (2017 PPP) (%)","SI.POV.GAPS","","","","","","","","","","","","","","","","","","","","","","","","","","","","","","","","","","","","","","","","","","","","","","","","","","","","","","","","","","","","","","",
"Sub-Saharan Africa (IDA & IBRD countries)","TSS","Poverty gap at $2.15 a day (2017 PPP) (%)","SI.POV.GAPS","","","","","","","","","","","","","","","","","","","","","","","","","","","","","","","","","","","","","","","","","","","","","","","","","","","","","","","","","","","","","","",
"Trinidad and Tobago","TTO","Poverty gap at $2.15 a day (2017 PPP) (%)","SI.POV.GAPS","","","","","","","","","","","","","","","","","","","","","","","","","","","","","0","","","","0.5","","","","","","","","","","","","","","","","","","","","","","","","","","","","","",
"Tunisia","TUN","Poverty gap at $2.15 a day (2017 PPP) (%)","SI.POV.GAPS","","","","","","","","","","","","","","","","","","","","","","","","","","3","","","","","2.1","","","","","2.1","","","","","0.8","","","","","0.5","","","","","0.3","","","","","0","","","","","","",
"Turkiye","TUR","Poverty gap at $2.15 a day (2017 PPP) (%)","SI.POV.GAPS","","","","","","","","","","","","","","","","","","","","","","","","","","","","0.5","","","","","","","0.6","","","","","","","","0.3","0.8","0.3","0.4","0.3","0.1","0.2","0.1","0.1","0","0","0.1","0","0.1","0","0","0","0","","",
"Tuvalu","TUV","Poverty gap at $2.15 a day (2017 PPP) (%)","SI.POV.GAPS","","","","","","","","","","","","","","","","","","","","","","","","","","","","","","","","","","","","","","","","","","","","","","","","","","","0.5","","","","","","","","","","","",
"Tanzania","TZA","Poverty gap at $2.15 a day (2017 PPP) (%)","SI.POV.GAPS","","","","","","","","","","","","","","","","","","","","","","","","","","","","","","","","28","","","","","","","","","43.6","","","","","","","21","","","","13.3","","","","","","","13.6","","","",
"Uganda","UGA","Poverty gap at $2.15 a day (2017 PPP) (%)","SI.POV.GAPS","","","","","","","","","","","","","","","","","","","","","","","","","","","","","","26.6","","","27.2","","","","25.8","","","29.7","","","27.8","","","22.4","","","","15.7","","","11.3","","","","13.7","","","13.7","","",
"Ukraine","UKR","Poverty gap at $2.15 a day (2017 PPP) (%)","SI.POV.GAPS","","","","","","","","","","","","","","","","","","","","","","","","","","","","","","","","","0.9","0.4","","1.9","1.9","","","","","","0.5","0.2","0.1","0.1","0","0","0","0","0","0","0","0","0","0","0","0","0","0","0","",
"Upper middle income","UMC","Poverty gap at $2.15 a day (2017 PPP) (%)","SI.POV.GAPS","","","","","","","","","","","","","","","","","","","","","","29.8","27.7","25.5","21.7","19.6","17.9","16.6","14.4","19.1","18.4","17.8","16.9","16","13.9","12.3","11.2","11.2","11.1","11.1","10","9.4","8.5","7.4","6","4.6","4.2","3.9","3.6","3.2","2.7","2","1.6","0.7","0.7","0.6","0.6","0.6","0.5","0.5","","",
"Uruguay","URY","Poverty gap at $2.15 a day (2017 PPP) (%)","SI.POV.GAPS","","","","","","","","","","","","","","","","","","","","","","","","","","","","","","","","","","","","","","","","","","","","","","","0.1","0.1","0.1","0.1","0.1","0","0","0","0","0","0","0","0","0","0.1","",
"United States","USA","Poverty gap at $2.15 a day (2017 PPP) (%)","SI.POV.GAPS","","","","","","","","","","","","","","","0.4","","","","","0.4","","","","","","","0.4","","","","","0.3","0.4","0.4","0.4","0.4","0.5","0.5","0.6","0.5","0.6","0.7","0.6","0.8","0.8","0.8","0.8","0.8","0.9","0.7","0.9","0.8","0.8","0.8","1","0.9","0.9","1","0.9","0.8","","",
"Uzbekistan","UZB","Poverty gap at $2.15 a day (2017 PPP) (%)","SI.POV.GAPS","","","","","","","","","","","","","","","","","","","","","","","","","","","","","","","","","","","","","","","28.4","","39.4","","35.6","38.8","","","","","","","","","","","","","","","","","","",
"St. Vincent and the Grenadines","VCT","Poverty gap at $2.15 a day (2017 PPP) (%)","SI.POV.GAPS","","","","","","","","","","","","","","","","","","","","","","","","","","","","","","","","","","","","","","","","","","","","","","","","","","","","","","","","","","","","","","",
"Venezuela, RB","VEN","Poverty gap at $2.15 a day (2017 PPP) (%)","SI.POV.GAPS","","","","","","","","","","","","","","","","","","","","","","1.2","","","","","","1.2","","3.2","","","2.5","","","4.1","","","5.2","5.3","","4.6","7.9","9.6","8.4","8.6","3.9","","","","","","","","","","","","","","","",
"British Virgin Islands","VGB","Poverty gap at $2.15 a day (2017 PPP) (%)","SI.POV.GAPS","","","","","","","","","","","","","","","","","","","","","","","","","","","","","","","","","","","","","","","","","","","","","","","","","","","","","","","","","","","","","","",
"Virgin Islands (U.S.)","VIR","Poverty gap at $2.15 a day (2017 PPP) (%)","SI.POV.GAPS","","","","","","","","","","","","","","","","","","","","","","","","","","","","","","","","","","","","","","","","","","","","","","","","","","","","","","","","","","","","","","",
"Vietnam","VNM","Poverty gap at $2.15 a day (2017 PPP) (%)","SI.POV.GAPS","","","","","","","","","","","","","","","","","","","","","","","","","","","","","","","","","12.9","","","","","5.5","","","","","7.3","","4.9","","3.5","","2.5","","0.6","","0.3","","0.3","","0.2","","0.2","","","",
"Vanuatu","VUT","Poverty gap at $2.15 a day (2017 PPP) (%)","SI.POV.GAPS","","","","","","","","","","","","","","","","","","","","","","","","","","","","","","","","","","","","","","","","","","","","","","","","","","","3.6","","","","","","","","","2.3","","",
"World","WLD","Poverty gap at $2.15 a day (2017 PPP) (%)","SI.POV.GAPS","","","","","","","","","","","","","","","","","","","","","","19.2","18.4","17.4","15.9","14.9","14.2","13.7","12.7","14.3","13.9","13.7","13.3","12.9","12.1","11.2","10.6","10.6","10.7","10.2","9.8","9.4","8.8","8.2","7.4","6.6","6.3","5.8","5.5","5.2","4.7","4","3.7","3.3","3.2","3.1","3","2.9","2.7","2.6","","",
"Samoa","WSM","Poverty gap at $2.15 a day (2017 PPP) (%)","SI.POV.GAPS","","","","","","","","","","","","","","","","","","","","","","","","","","","","","","","","","","","","","","","","","","","0.4","","","","","","0.1","","","","","0.2","","","","","","","","",
"Kosovo","XKX","Poverty gap at $2.15 a day (2017 PPP) (%)","SI.POV.GAPS","","","","","","","","","","","","","","","","","","","","","","","","","","","","","","","","","","","","","","","","","","","","0.3","","0.9","0.6","","","0.6","0.5","0.3","0.1","0.1","0.2","0.1","0.2","0.2","","","","",
"Yemen, Rep.","YEM","Poverty gap at $2.15 a day (2017 PPP) (%)","SI.POV.GAPS","","","","","","","","","","","","","","","","","","","","","","","","","","","","","","","","","","","","","","","1.7","","","","","","","2","","","","","","","","","4.8","","","","","","","",
"South Africa","ZAF","Poverty gap at $2.15 a day (2017 PPP) (%)","SI.POV.GAPS","","","","","","","","","","","","","","","","","","","","","","","","","","","","","","","","","","12","","","","","","","14.3","","","","","9.3","","","5.4","","5.5","","","","6.9","","","","","","","",
"Zambia","ZMB","Poverty gap at $2.15 a day (2017 PPP) (%)","SI.POV.GAPS","","","","","","","","","","","","","","","","","","","","","","","","","","","","","","","","37","","30.9","","","18.9","","19.8","","","","21.3","","30.7","","33.6","","","","35.4","","","","","32.8","","","","","","",
"Zimbabwe","ZWE","Poverty gap at $2.15 a day (2017 PPP) (%)","SI.POV.GAPS","","","","","","","","","","","","","","","","","","","","","","","","","","","","","","","","","","","","","","","","","","","","","","","","","","","","5.2","","","","","","9.4","","13.5","","",
